FileName	ScanNumber	PrecursorID	PrecursorMz	PeptideSequence	ModifiedSequence	PrecursorCharge	Qvalue
Substrate_comp_Rapid_Method_Polypropylenechip_3c.mzML	7449	TADGIVSHLK2	520.7908	TADGIVSHLK	TADGIVSHLK	2	0.0015527950310559
Substrate_comp_Rapid_Method_Polypropylenechip_3c.mzML	6943	LVASMEEAR2	503.25574	LVASMEEAR	LVASMEEAR	2	0.0015527950310559
Substrate_comp_Rapid_Method_Polypropylenechip_3c.mzML	10930	NLVVIPK2	391.75943	NLVVIPK	NLVVIPK	2	0.0015527950310559
Substrate_comp_Rapid_Method_Polypropylenechip_3c.mzML	13918	LLEAQIATGGIIDPEESHR3	683.69257	LLEAQIATGGIIDPEESHR	LLEAQIATGGIIDPEESHR	3	0.0015527950310559
Substrate_comp_Rapid_Method_Polypropylenechip_3c.mzML	7098	LGSLVENNER2	565.7937	LGSLVENNER	LGSLVENNER	2	0.0015527950310559
Substrate_comp_Rapid_Method_Polypropylenechip_3c.mzML	5930	SLAAEEEAAR2	523.759	SLAAEEEAAR	SLAAEEEAAR	2	0.0015527950310559
Substrate_comp_Rapid_Method_Polypropylenechip_3c.mzML	4084	SLAQAEAEK2	473.74615	SLAQAEAEK	SLAQAEAEK	2	0.0015527950310559
Substrate_comp_Rapid_Method_Polypropylenechip_3c.mzML	12882	HLEINPDHSIIETLR3	596.3201	HLEINPDHSIIETLR	HLEINPDHSIIETLR	3	0.0015527950310559
Substrate_comp_Rapid_Method_Polypropylenechip_3c.mzML	2757	APGTPHSHTKPYVR3	516.6073	APGTPHSHTKPYVR	APGTPHSHTKPYVR	3	0.0015527950310559
Substrate_comp_Rapid_Method_Polypropylenechip_3c.mzML	5007	SGYLAGDK2	405.70316	SGYLAGDK	SGYLAGDK	2	0.0015527950310559
Substrate_comp_Rapid_Method_Polypropylenechip_3c.mzML	5135	AVVQLKPR2	455.79495	AVVQLKPR	AVVQLKPR	2	0.0015527950310559
Substrate_comp_Rapid_Method_Polypropylenechip_3c.mzML	12096	QLFDQVVK2	488.7763	QLFDQVVK	QLFDQVVK	2	0.0015527950310559
Substrate_comp_Rapid_Method_Polypropylenechip_3c.mzML	14966	AVLVDLEPGTMDSVR2	801.41455	AVLVDLEPGTMDSVR	AVLVDLEPGTMDSVR	2	0.0015527950310559
Substrate_comp_Rapid_Method_Polypropylenechip_3c.mzML	15101	GIVVTAYSPLGSPDRPWAKPEDPSLLEDPR4	816.42535	GIVVTAYSPLGSPDRPWAKPEDPSLLEDPR	GIVVTAYSPLGSPDRPWAKPEDPSLLEDPR	4	0.0015527950310559
Substrate_comp_Rapid_Method_Polypropylenechip_3c.mzML	5404	KGLVGPELHDR3	407.5634	KGLVGPELHDR	KGLVGPELHDR	3	0.0015527950310559
Substrate_comp_Rapid_Method_Polypropylenechip_3c.mzML	4883	EIHKPGYLANDR3	471.58115	EIHKPGYLANDR	EIHKPGYLANDR	3	0.0015527950310559
Substrate_comp_Rapid_Method_Polypropylenechip_3c.mzML	7496	LYSESLAR2	469.75098	LYSESLAR	LYSESLAR	2	0.0015527950310559
Substrate_comp_Rapid_Method_Polypropylenechip_3c.mzML	8306	GGELVYTDSEAR2	648.80695	GGELVYTDSEAR	GGELVYTDSEAR	2	0.0015527950310559
Substrate_comp_Rapid_Method_Polypropylenechip_3c.mzML	11700	LTFDTTFSPNTGKK3	519.60376	LTFDTTFSPNTGKK	LTFDTTFSPNTGKK	3	0.0015527950310559
Substrate_comp_Rapid_Method_Polypropylenechip_3c.mzML	13023	SLTNDWEDHLAVK3	509.91977	SLTNDWEDHLAVK	SLTNDWEDHLAVK	3	0.0015527950310559
Substrate_comp_Rapid_Method_Polypropylenechip_3c.mzML	12761	AGLQFPVGR2	472.76913	AGLQFPVGR	AGLQFPVGR	2	0.0015527950310559
Substrate_comp_Rapid_Method_Polypropylenechip_3c.mzML	10514	ENPLQFK2	438.23474	ENPLQFK	ENPLQFK	2	0.0015527950310559
Substrate_comp_Rapid_Method_Polypropylenechip_3c.mzML	12823	LSVYAALQR2	510.7954	LSVYAALQR	LSVYAALQR	2	0.0015527950310559
Substrate_comp_Rapid_Method_Polypropylenechip_3c.mzML	5700	IQVWHEEHR3	411.87518	IQVWHEEHR	IQVWHEEHR	3	0.0015527950310559
Substrate_comp_Rapid_Method_Polypropylenechip_3c.mzML	8096	LLSTDPVAAK2	507.79504	LLSTDPVAAK	LLSTDPVAAK	2	0.0015527950310559
Substrate_comp_Rapid_Method_Polypropylenechip_3c.mzML	7170	LLLNNGAK2	421.766	LLLNNGAK	LLLNNGAK	2	0.0015527950310559
Substrate_comp_Rapid_Method_Polypropylenechip_3c.mzML	14238	VLALPEPSPAAPTLR2	766.4453	VLALPEPSPAAPTLR	VLALPEPSPAAPTLR	2	0.0015527950310559
Substrate_comp_Rapid_Method_Polypropylenechip_3c.mzML	12565	HFSVEGQLEFR3	450.22687	HFSVEGQLEFR	HFSVEGQLEFR	3	0.0015527950310559
Substrate_comp_Rapid_Method_Polypropylenechip_3c.mzML	14593	AGVAAPATQVAQVTLQSVQR3	665.7042	AGVAAPATQVAQVTLQSVQR	AGVAAPATQVAQVTLQSVQR	3	0.0015527950310559
Substrate_comp_Rapid_Method_Polypropylenechip_3c.mzML	10582	GFDEYMK2	445.19202	GFDEYMK	GFDEYMK	2	0.0015527950310559
Substrate_comp_Rapid_Method_Polypropylenechip_3c.mzML	13548	LSDQFHDILIR3	452.91382	LSDQFHDILIR	LSDQFHDILIR	3	0.0015527950310559
Substrate_comp_Rapid_Method_Polypropylenechip_3c.mzML	8308	TTAQVLIR2	451.2766	TTAQVLIR	TTAQVLIR	2	0.0015527950310559
Substrate_comp_Rapid_Method_Polypropylenechip_3c.mzML	8409	SQDIYLR2	447.73727	SQDIYLR	SQDIYLR	2	0.0015527950310559
Substrate_comp_Rapid_Method_Polypropylenechip_3c.mzML	13423	KAPDFVFYAPR3	437.5674	KAPDFVFYAPR	KAPDFVFYAPR	3	0.0015527950310559
Substrate_comp_Rapid_Method_Polypropylenechip_3c.mzML	5758	KESEAVEWQQK3	454.56052	KESEAVEWQQK	KESEAVEWQQK	3	0.0015527950310559
Substrate_comp_Rapid_Method_Polypropylenechip_3c.mzML	6468	LTVNEAVK2	437.25534	LTVNEAVK	LTVNEAVK	2	0.0015527950310559
Substrate_comp_Rapid_Method_Polypropylenechip_3c.mzML	15623	YLTVAAVFR2	520.2998	YLTVAAVFR	YLTVAAVFR	2	0.0015527950310559
Substrate_comp_Rapid_Method_Polypropylenechip_3c.mzML	16302	LQNVQIALDYLR2	723.4096	LQNVQIALDYLR	LQNVQIALDYLR	2	0.0015527950310559
Substrate_comp_Rapid_Method_Polypropylenechip_3c.mzML	8418	DNSTMGYMAAK2	594.7553	DNSTMGYMAAK	DNSTMGYMAAK	2	0.0015527950310559
Substrate_comp_Rapid_Method_Polypropylenechip_3c.mzML	7116	KFVIKPIDK2	544.3476	KFVIKPIDK	KFVIKPIDK	2	0.0015527950310559
Substrate_comp_Rapid_Method_Polypropylenechip_3c.mzML	5138	IDKPILK2	413.7733	IDKPILK	IDKPILK	2	0.0015527950310559
Substrate_comp_Rapid_Method_Polypropylenechip_3c.mzML	11191	VLLVPGPEK2	476.29755	VLLVPGPEK	VLLVPGPEK	2	0.0015527950310559
Substrate_comp_Rapid_Method_Polypropylenechip_3c.mzML	16121	ELLGQGLLLR2	556.3452	ELLGQGLLLR	ELLGQGLLLR	2	0.0015527950310559
Substrate_comp_Rapid_Method_Polypropylenechip_3c.mzML	14609	TLTIVDTGIGMTK2	675.3717	TLTIVDTGIGMTK	TLTIVDTGIGMTK	2	0.0015527950310559
Substrate_comp_Rapid_Method_Polypropylenechip_3c.mzML	8407	VPVDVAYR2	459.75577	VPVDVAYR	VPVDVAYR	2	0.0015527950310559
Substrate_comp_Rapid_Method_Polypropylenechip_3c.mzML	4994	RLTVNEAVK2	515.3059	RLTVNEAVK	RLTVNEAVK	2	0.0015527950310559
Substrate_comp_Rapid_Method_Polypropylenechip_3c.mzML	12109	QLLEEELAR2	550.8005	QLLEEELAR	QLLEEELAR	2	0.0015527950310559
Substrate_comp_Rapid_Method_Polypropylenechip_3c.mzML	10494	GLVEDTLR2	451.7502	GLVEDTLR	GLVEDTLR	2	0.0015527950310559
Substrate_comp_Rapid_Method_Polypropylenechip_3c.mzML	5764	SYVDPSTDER2	584.759	SYVDPSTDER	SYVDPSTDER	2	0.0015527950310559
Substrate_comp_Rapid_Method_Polypropylenechip_3c.mzML	13020	LLEAQIATGGIIDPVHSHR4	507.5313	LLEAQIATGGIIDPVHSHR	LLEAQIATGGIIDPVHSHR	4	0.0015527950310559
Substrate_comp_Rapid_Method_Polypropylenechip_3c.mzML	13437	KAPDFVFYAPR2	655.8478	KAPDFVFYAPR	KAPDFVFYAPR	2	0.0015527950310559
Substrate_comp_Rapid_Method_Polypropylenechip_3c.mzML	9149	FYEQFSK2	474.72568	FYEQFSK	FYEQFSK	2	0.0015527950310559
Substrate_comp_Rapid_Method_Polypropylenechip_3c.mzML	8572	HLQLAIR2	425.7667	HLQLAIR	HLQLAIR	2	0.0015527950310559
Substrate_comp_Rapid_Method_Polypropylenechip_3c.mzML	14290	SLESLHSFVAAATK3	487.5959	SLESLHSFVAAATK	SLESLHSFVAAATK	3	0.0015527950310559
Substrate_comp_Rapid_Method_Polypropylenechip_3c.mzML	14095	LSYTQLLR2	497.2895	LSYTQLLR	LSYTQLLR	2	0.0015527950310559
Substrate_comp_Rapid_Method_Polypropylenechip_3c.mzML	6558	HYGGLTGLNK2	530.2814	HYGGLTGLNK	HYGGLTGLNK	2	0.0015527950310559
Substrate_comp_Rapid_Method_Polypropylenechip_3c.mzML	10409	VPLDEALQR2	520.78955	VPLDEALQR	VPLDEALQR	2	0.0015527950310559
Substrate_comp_Rapid_Method_Polypropylenechip_3c.mzML	12624	AGLQFPVGR2	472.76822	AGLQFPVGR	AGLQFPVGR	2	0.0015527950310559
Substrate_comp_Rapid_Method_Polypropylenechip_3c.mzML	5453	ELEVAEGGK2	466.241	ELEVAEGGK	ELEVAEGGK	2	0.0015527950310559
Substrate_comp_Rapid_Method_Polypropylenechip_3c.mzML	6577	RPELEDSTLR3	405.8817	RPELEDSTLR	RPELEDSTLR	3	0.0015527950310559
Substrate_comp_Rapid_Method_Polypropylenechip_3c.mzML	11742	AQVEQELTTLR2	644.3505	AQVEQELTTLR	AQVEQELTTLR	2	0.0015527950310559
Substrate_comp_Rapid_Method_Polypropylenechip_3c.mzML	14308	VVVAENFDEIVNNENK2	916.9527	VVVAENFDEIVNNENK	VVVAENFDEIVNNENK	2	0.0015527950310559
Substrate_comp_Rapid_Method_Polypropylenechip_3c.mzML	14743	EDAVLEYLK2	540.28546	EDAVLEYLK	EDAVLEYLK	2	0.0015527950310559
Substrate_comp_Rapid_Method_Polypropylenechip_3c.mzML	12796	DALDGPAAEAEPEHSFDGLR3	699.6558	DALDGPAAEAEPEHSFDGLR	DALDGPAAEAEPEHSFDGLR	3	0.0015527950310559
Substrate_comp_Rapid_Method_Polypropylenechip_3c.mzML	6773	SEHPGLSIGDTAK3	437.89056	SEHPGLSIGDTAK	SEHPGLSIGDTAK	3	0.0015527950310559
Substrate_comp_Rapid_Method_Polypropylenechip_3c.mzML	7788	SMVEEGTGLR2	539.76434	SMVEEGTGLR	SMVEEGTGLR	2	0.0015527950310559
Substrate_comp_Rapid_Method_Polypropylenechip_3c.mzML	5490	LLEAAAQSTK2	516.29095	LLEAAAQSTK	LLEAAAQSTK	2	0.0015527950310559
Substrate_comp_Rapid_Method_Polypropylenechip_3c.mzML	7002	TNRPPLSLSR2	570.8285	TNRPPLSLSR	TNRPPLSLSR	2	0.0015527950310559
Substrate_comp_Rapid_Method_Polypropylenechip_3c.mzML	10075	GTADVTHDLQEMK3	482.23004	GTADVTHDLQEMK	GTADVTHDLQEMK	3	0.0015527950310559
Substrate_comp_Rapid_Method_Polypropylenechip_3c.mzML	15919	SIISMFDR2	484.7477	SIISMFDR	SIISMFDR	2	0.0015527950310559
Substrate_comp_Rapid_Method_Polypropylenechip_3c.mzML	13969	TFDEIASGFR2	571.7768	TFDEIASGFR	TFDEIASGFR	2	0.0015527950310559
Substrate_comp_Rapid_Method_Polypropylenechip_3c.mzML	16583	ALRDPALDSLAYEYER3	627.99	ALRDPALDSLAYEYER	ALRDPALDSLAYEYER	3	0.0015527950310559
Substrate_comp_Rapid_Method_Polypropylenechip_3c.mzML	6982	TNRPPLSLSR3	380.88797	TNRPPLSLSR	TNRPPLSLSR	3	0.0015527950310559
Substrate_comp_Rapid_Method_Polypropylenechip_3c.mzML	16351	LFFLQVK2	447.776	LFFLQVK	LFFLQVK	2	0.0015527950310559
Substrate_comp_Rapid_Method_Polypropylenechip_3c.mzML	7762	ESEAVEWQQK2	617.292	ESEAVEWQQK	ESEAVEWQQK	2	0.0015527950310559
Substrate_comp_Rapid_Method_Polypropylenechip_3c.mzML	8393	ATVSAPFGK2	439.24216	ATVSAPFGK	ATVSAPFGK	2	0.0015527950310559
Substrate_comp_Rapid_Method_Polypropylenechip_3c.mzML	6103	AQAEVEGLGK2	501.26608	AQAEVEGLGK	AQAEVEGLGK	2	0.0015527950310559
Substrate_comp_Rapid_Method_Polypropylenechip_3c.mzML	10575	LHVAILER2	475.7933	LHVAILER	LHVAILER	2	0.0015527950310559
Substrate_comp_Rapid_Method_Polypropylenechip_3c.mzML	15074	LTAEDLFEAR2	582.79895	LTAEDLFEAR	LTAEDLFEAR	2	0.0015527950310559
Substrate_comp_Rapid_Method_Polypropylenechip_3c.mzML	3630	GHLSGLAK2	391.73038	GHLSGLAK	GHLSGLAK	2	0.0015527950310559
Substrate_comp_Rapid_Method_Polypropylenechip_3c.mzML	11718	VSIYEAMR2	484.74786	VSIYEAMR	VSIYEAMR	2	0.0015527950310559
Substrate_comp_Rapid_Method_Polypropylenechip_3c.mzML	16072	AAVPSGASTGIYEALELR3	602.3205	AAVPSGASTGIYEALELR	AAVPSGASTGIYEALELR	3	0.0015527950310559
Substrate_comp_Rapid_Method_Polypropylenechip_3c.mzML	7774	ALELDQER2	487.25238	ALELDQER	ALELDQER	2	0.0015527950310559
Substrate_comp_Rapid_Method_Polypropylenechip_3c.mzML	2532	AHEEQLK2	427.7225	AHEEQLK	AHEEQLK	2	0.0015527950310559
Substrate_comp_Rapid_Method_Polypropylenechip_3c.mzML	7974	HIYYITGETK2	612.8163	HIYYITGETK	HIYYITGETK	2	0.0015527950310559
Substrate_comp_Rapid_Method_Polypropylenechip_3c.mzML	10436	LNFAVASR2	439.24838	LNFAVASR	LNFAVASR	2	0.0015527950310559
Substrate_comp_Rapid_Method_Polypropylenechip_3c.mzML	3500	LQAEEAER2	473.2361	LQAEEAER	LQAEEAER	2	0.0015527950310559
Substrate_comp_Rapid_Method_Polypropylenechip_3c.mzML	12112	LLEAQIATGGVIDPVHSHR3	671.7004	LLEAQIATGGVIDPVHSHR	LLEAQIATGGVIDPVHSHR	3	0.0015527950310559
Substrate_comp_Rapid_Method_Polypropylenechip_3c.mzML	10881	REELFIVSK2	560.8206	REELFIVSK	REELFIVSK	2	0.0015527950310559
Substrate_comp_Rapid_Method_Polypropylenechip_3c.mzML	6007	EAHEPLAVADAK3	417.5509	EAHEPLAVADAK	EAHEPLAVADAK	3	0.0015527950310559
Substrate_comp_Rapid_Method_Polypropylenechip_3c.mzML	15195	SSIAGLLLK2	451.2896	SSIAGLLLK	SSIAGLLLK	2	0.0015527950310559
Substrate_comp_Rapid_Method_Polypropylenechip_3c.mzML	12581	IIITVVEEQEQK2	714.90234	IIITVVEEQEQK	IIITVVEEQEQK	2	0.0015527950310559
Substrate_comp_Rapid_Method_Polypropylenechip_3c.mzML	8712	HLQLAIR2	425.7661	HLQLAIR	HLQLAIR	2	0.0015527950310559
Substrate_comp_Rapid_Method_Polypropylenechip_3c.mzML	8435	HLQLAIR2	425.76672	HLQLAIR	HLQLAIR	2	0.0015527950310559
Substrate_comp_Rapid_Method_Polypropylenechip_3c.mzML	11326	GYFDEEMNR2	580.7376	GYFDEEMNR	GYFDEEMNR	2	0.0015527950310559
Substrate_comp_Rapid_Method_Polypropylenechip_3c.mzML	14269	GFSTWLK2	419.72592	GFSTWLK	GFSTWLK	2	0.0015527950310559
Substrate_comp_Rapid_Method_Polypropylenechip_3c.mzML	7475	ASGNYATVISHNPETK3	563.6134	ASGNYATVISHNPETK	ASGNYATVISHNPETK	3	0.0015527950310559
Substrate_comp_Rapid_Method_Polypropylenechip_3c.mzML	9422	QAGLSYIR2	454.25333	QAGLSYIR	QAGLSYIR	2	0.0015527950310559
Substrate_comp_Rapid_Method_Polypropylenechip_3c.mzML	4919	ALAAPAAEEK2	485.76428	ALAAPAAEEK	ALAAPAAEEK	2	0.0015527950310559
Substrate_comp_Rapid_Method_Polypropylenechip_3c.mzML	15835	EVGVYEALKDDSWLK3	584.6355	EVGVYEALKDDSWLK	EVGVYEALKDDSWLK	3	0.0015527950310559
Substrate_comp_Rapid_Method_Polypropylenechip_3c.mzML	12032	AGVVGPELHEQLLSAEK3	592.9886	AGVVGPELHEQLLSAEK	AGVVGPELHEQLLSAEK	3	0.0015527950310559
Substrate_comp_Rapid_Method_Polypropylenechip_3c.mzML	6769	VDEVPDGAVKPPTNK3	522.61176	VDEVPDGAVKPPTNK	VDEVPDGAVKPPTNK	3	0.0015527950310559
Substrate_comp_Rapid_Method_Polypropylenechip_3c.mzML	3376	QLAEGTAQQR2	551.2847	QLAEGTAQQR	QLAEGTAQQR	2	0.0015527950310559
Substrate_comp_Rapid_Method_Polypropylenechip_3c.mzML	16067	AAVPSGASTGIYEALELR2	902.9765	AAVPSGASTGIYEALELR	AAVPSGASTGIYEALELR	2	0.0015527950310559
Substrate_comp_Rapid_Method_Polypropylenechip_3c.mzML	7302	NISFNDK2	419.2089	NISFNDK	NISFNDK	2	0.0015527950310559
Substrate_comp_Rapid_Method_Polypropylenechip_3c.mzML	15531	LHFFM[15.99]PGFAPLTSR3	546.2821	LHFFMPGFAPLTSR	LHFFM[15.99]PGFAPLTSR	3	0.0015527950310559
Substrate_comp_Rapid_Method_Polypropylenechip_3c.mzML	8740	GYPHWPAR2	492.24615	GYPHWPAR	GYPHWPAR	2	0.0015527950310559
Substrate_comp_Rapid_Method_Polypropylenechip_3c.mzML	8634	DQVANSAFVER2	618.304	DQVANSAFVER	DQVANSAFVER	2	0.0015527950310559
Substrate_comp_Rapid_Method_Polypropylenechip_3c.mzML	10335	GGAEGELQALR2	550.7882	GGAEGELQALR	GGAEGELQALR	2	0.0015527950310559
Substrate_comp_Rapid_Method_Polypropylenechip_3c.mzML	7572	SADGSAPAGEGEGVTLQR2	851.4079	SADGSAPAGEGEGVTLQR	SADGSAPAGEGEGVTLQR	2	0.0015527950310559
Substrate_comp_Rapid_Method_Polypropylenechip_3c.mzML	3753	TDTGEPMGR2	482.21313	TDTGEPMGR	TDTGEPMGR	2	0.0015527950310559
Substrate_comp_Rapid_Method_Polypropylenechip_3c.mzML	12957	LIAHAGSLLNLAK3	440.93848	LIAHAGSLLNLAK	LIAHAGSLLNLAK	3	0.0015527950310559
Substrate_comp_Rapid_Method_Polypropylenechip_3c.mzML	13335	ELGVGIALR2	464.28433	ELGVGIALR	ELGVGIALR	2	0.0015527950310559
Substrate_comp_Rapid_Method_Polypropylenechip_3c.mzML	12156	TPVEVPVGGFK2	565.3165	TPVEVPVGGFK	TPVEVPVGGFK	2	0.0015527950310559
Substrate_comp_Rapid_Method_Polypropylenechip_3c.mzML	8864	ALTSELANAR2	523.2853	ALTSELANAR	ALTSELANAR	2	0.0015527950310559
Substrate_comp_Rapid_Method_Polypropylenechip_3c.mzML	3887	QLAAEEER2	473.23596	QLAAEEER	QLAAEEER	2	0.0015527950310559
Substrate_comp_Rapid_Method_Polypropylenechip_3c.mzML	14256	ADLINNLGTIAK2	621.85565	ADLINNLGTIAK	ADLINNLGTIAK	2	0.0015527950310559
Substrate_comp_Rapid_Method_Polypropylenechip_3c.mzML	7173	TANDMIHAENMR3	468.21097	TANDMIHAENMR	TANDMIHAENMR	3	0.0015527950310559
Substrate_comp_Rapid_Method_Polypropylenechip_3c.mzML	14769	LLFNDVQTLK2	595.84375	LLFNDVQTLK	LLFNDVQTLK	2	0.0015527950310559
Substrate_comp_Rapid_Method_Polypropylenechip_3c.mzML	4158	FEETTADGR2	513.2307	FEETTADGR	FEETTADGR	2	0.0015527950310559
Substrate_comp_Rapid_Method_Polypropylenechip_3c.mzML	14775	DYELQLVTYK2	636.3305	DYELQLVTYK	DYELQLVTYK	2	0.0015527950310559
Substrate_comp_Rapid_Method_Polypropylenechip_3c.mzML	3750	VNYDTTESK2	528.7452	VNYDTTESK	VNYDTTESK	2	0.0015527950310559
Substrate_comp_Rapid_Method_Polypropylenechip_3c.mzML	9300	LDLQYAK2	425.73773	LDLQYAK	LDLQYAK	2	0.0015527950310559
Substrate_comp_Rapid_Method_Polypropylenechip_3c.mzML	12997	LLDPEDVDVPQPDEK2	854.918	LLDPEDVDVPQPDEK	LLDPEDVDVPQPDEK	2	0.0015527950310559
Substrate_comp_Rapid_Method_Polypropylenechip_3c.mzML	8567	AGLVGPEFHEK2	592.30914	AGLVGPEFHEK	AGLVGPEFHEK	2	0.0015527950310559
Substrate_comp_Rapid_Method_Polypropylenechip_3c.mzML	8585	NVEDFTGPR2	517.7496	NVEDFTGPR	NVEDFTGPR	2	0.0015527950310559
Substrate_comp_Rapid_Method_Polypropylenechip_3c.mzML	4948	LYVHEAVK2	479.77094	LYVHEAVK	LYVHEAVK	2	0.0015527950310559
Substrate_comp_Rapid_Method_Polypropylenechip_3c.mzML	7403	SVEAAAELSAK2	538.2868	SVEAAAELSAK	SVEAAAELSAK	2	0.0015527950310559
Substrate_comp_Rapid_Method_Polypropylenechip_3c.mzML	12571	HFSVEGQLEFR2	674.83655	HFSVEGQLEFR	HFSVEGQLEFR	2	0.0015527950310559
Substrate_comp_Rapid_Method_Polypropylenechip_3c.mzML	8936	VVIVDPETGK2	528.7998	VVIVDPETGK	VVIVDPETGK	2	0.0015527950310559
Substrate_comp_Rapid_Method_Polypropylenechip_3c.mzML	5119	ISQLEM[15.99]AR2	482.25	ISQLEMAR	ISQLEM[15.99]AR	2	0.0015527950310559
Substrate_comp_Rapid_Method_Polypropylenechip_3c.mzML	11026	QQGLASYDYVR2	650.3207	QQGLASYDYVR	QQGLASYDYVR	2	0.0015527950310559
Substrate_comp_Rapid_Method_Polypropylenechip_3c.mzML	16516	LISLFQAMK2	525.80475	LISLFQAMK	LISLFQAMK	2	0.0015527950310559
Substrate_comp_Rapid_Method_Polypropylenechip_3c.mzML	13524	EAQAVPATLPELEATK2	834.4469	EAQAVPATLPELEATK	EAQAVPATLPELEATK	2	0.0015527950310559
Substrate_comp_Rapid_Method_Polypropylenechip_3c.mzML	4318	AMLENEK2	417.7054	AMLENEK	AMLENEK	2	0.0015527950310559
Substrate_comp_Rapid_Method_Polypropylenechip_3c.mzML	3794	VTGTLETK2	424.7398	VTGTLETK	VTGTLETK	2	0.0015527950310559
Substrate_comp_Rapid_Method_Polypropylenechip_3c.mzML	12440	SLSAIYLEK2	512.2897	SLSAIYLEK	SLSAIYLEK	2	0.0015527950310559
Substrate_comp_Rapid_Method_Polypropylenechip_3c.mzML	4226	SNAEDTLR2	453.22012	SNAEDTLR	SNAEDTLR	2	0.0015527950310559
Substrate_comp_Rapid_Method_Polypropylenechip_3c.mzML	15189	LAVNMVPFPR2	572.32135	LAVNMVPFPR	LAVNMVPFPR	2	0.0015527950310559
Substrate_comp_Rapid_Method_Polypropylenechip_3c.mzML	6486	RLAPEYEAAATR3	449.90482	RLAPEYEAAATR	RLAPEYEAAATR	3	0.0015527950310559
Substrate_comp_Rapid_Method_Polypropylenechip_3c.mzML	15069	GFGFGLVK2	412.7371	GFGFGLVK	GFGFGLVK	2	0.0015527950310559
Substrate_comp_Rapid_Method_Polypropylenechip_3c.mzML	12628	SELELTLGK2	495.2782	SELELTLGK	SELELTLGK	2	0.0015527950310559
Substrate_comp_Rapid_Method_Polypropylenechip_3c.mzML	2746	APGTPHSHTKPYVR4	387.7073	APGTPHSHTKPYVR	APGTPHSHTKPYVR	4	0.0015527950310559
Substrate_comp_Rapid_Method_Polypropylenechip_3c.mzML	3119	FEETTADGRK3	385.18765	FEETTADGRK	FEETTADGRK	3	0.0015527950310559
Substrate_comp_Rapid_Method_Polypropylenechip_3c.mzML	13597	LTFDTTFSPNTGK2	714.85394	LTFDTTFSPNTGK	LTFDTTFSPNTGK	2	0.0015527950310559
Substrate_comp_Rapid_Method_Polypropylenechip_3c.mzML	3407	TELATQEK2	460.23938	TELATQEK	TELATQEK	2	0.0015527950310559
Substrate_comp_Rapid_Method_Polypropylenechip_3c.mzML	6313	LGVTANDVK2	458.7592	LGVTANDVK	LGVTANDVK	2	0.0015527950310559
Substrate_comp_Rapid_Method_Polypropylenechip_3c.mzML	3137	AAEEEDEADPK2	602.2543	AAEEEDEADPK	AAEEEDEADPK	2	0.0015527950310559
Substrate_comp_Rapid_Method_Polypropylenechip_3c.mzML	14510	LLDAQLATGGIVDPR2	769.9308	LLDAQLATGGIVDPR	LLDAQLATGGIVDPR	2	0.0015527950310559
Substrate_comp_Rapid_Method_Polypropylenechip_3c.mzML	11609	TVENVTVFGTASASK2	755.8908	TVENVTVFGTASASK	TVENVTVFGTASASK	2	0.0015527950310559
Substrate_comp_Rapid_Method_Polypropylenechip_3c.mzML	6393	YESLTDPSK2	520.2513	YESLTDPSK	YESLTDPSK	2	0.0015527950310559
Substrate_comp_Rapid_Method_Polypropylenechip_3c.mzML	4422	MQAVQEATR2	517.258	MQAVQEATR	MQAVQEATR	2	0.0015527950310559
Substrate_comp_Rapid_Method_Polypropylenechip_3c.mzML	11115	TNSTFNQVVLK2	625.8408	TNSTFNQVVLK	TNSTFNQVVLK	2	0.0015527950310559
Substrate_comp_Rapid_Method_Polypropylenechip_3c.mzML	12107	LLEAQIATGGVIDPVHSHR4	504.02682	LLEAQIATGGVIDPVHSHR	LLEAQIATGGVIDPVHSHR	4	0.0015527950310559
Substrate_comp_Rapid_Method_Polypropylenechip_3c.mzML	2886	LRAETEQGEQQR3	482.24164	LRAETEQGEQQR	LRAETEQGEQQR	3	0.0015527950310559
Substrate_comp_Rapid_Method_Polypropylenechip_3c.mzML	5140	SM[15.99]VEEGTGLR2	547.761	SMVEEGTGLR	SM[15.99]VEEGTGLR	2	0.0015527950310559
Substrate_comp_Rapid_Method_Polypropylenechip_3c.mzML	12238	TAVVVGTITDDVR2	673.369	TAVVVGTITDDVR	TAVVVGTITDDVR	2	0.0015527950310559
Substrate_comp_Rapid_Method_Polypropylenechip_3c.mzML	9183	FVIKPIDK2	480.29996	FVIKPIDK	FVIKPIDK	2	0.0015527950310559
Substrate_comp_Rapid_Method_Polypropylenechip_3c.mzML	3967	IREEYPDR2	539.26996	IREEYPDR	IREEYPDR	2	0.0015527950310559
Substrate_comp_Rapid_Method_Polypropylenechip_3c.mzML	2383	KGNYAER2	419.21387	KGNYAER	KGNYAER	2	0.0015527950310559
Substrate_comp_Rapid_Method_Polypropylenechip_3c.mzML	3398	VTAQDVR2	394.716	VTAQDVR	VTAQDVR	2	0.0015527950310559
Substrate_comp_Rapid_Method_Polypropylenechip_3c.mzML	13419	SQVMDEATALQLR2	731.371	SQVMDEATALQLR	SQVMDEATALQLR	2	0.0015527950310559
Substrate_comp_Rapid_Method_Polypropylenechip_3c.mzML	5610	TADGIVSHLKK3	390.22763	TADGIVSHLKK	TADGIVSHLKK	3	0.0015527950310559
Substrate_comp_Rapid_Method_Polypropylenechip_3c.mzML	15798	LGFHLPLEVAYQR3	514.9536	LGFHLPLEVAYQR	LGFHLPLEVAYQR	3	0.0015527950310559
Substrate_comp_Rapid_Method_Polypropylenechip_3c.mzML	15661	SRGFAFVYFER2	689.8495	SRGFAFVYFER	SRGFAFVYFER	2	0.0015527950310559
Substrate_comp_Rapid_Method_Polypropylenechip_3c.mzML	9707	SSSVGSSSSYPISPAVSR2	877.93097	SSSVGSSSSYPISPAVSR	SSSVGSSSSYPISPAVSR	2	0.0015527950310559
Substrate_comp_Rapid_Method_Polypropylenechip_3c.mzML	8385	QVQVALETAQR2	621.8429	QVQVALETAQR	QVQVALETAQR	2	0.0015527950310559
Substrate_comp_Rapid_Method_Polypropylenechip_3c.mzML	3654	QSSEAEIQAK2	545.77295	QSSEAEIQAK	QSSEAEIQAK	2	0.0015527950310559
Substrate_comp_Rapid_Method_Polypropylenechip_3c.mzML	12678	ESPLLFK2	417.24127	ESPLLFK	ESPLLFK	2	0.0015527950310559
Substrate_comp_Rapid_Method_Polypropylenechip_3c.mzML	10159	LREQLQLLEEQHR3	564.6437	LREQLQLLEEQHR	LREQLQLLEEQHR	3	0.0015527950310559
Substrate_comp_Rapid_Method_Polypropylenechip_3c.mzML	10248	AEVVETTQVYTEEETR2	942.4481	AEVVETTQVYTEEETR	AEVVETTQVYTEEETR	2	0.0015527950310559
Substrate_comp_Rapid_Method_Polypropylenechip_3c.mzML	7039	TNRPPLSLSR3	380.88165	TNRPPLSLSR	TNRPPLSLSR	3	0.0015527950310559
Substrate_comp_Rapid_Method_Polypropylenechip_3c.mzML	16316	TQEQLALEMAELTAR3	568.6263	TQEQLALEMAELTAR	TQEQLALEMAELTAR	3	0.0015527950310559
Substrate_comp_Rapid_Method_Polypropylenechip_3c.mzML	16644	LHFFMPGFAPLTSR3	540.95044	LHFFMPGFAPLTSR	LHFFMPGFAPLTSR	3	0.0015527950310559
Substrate_comp_Rapid_Method_Polypropylenechip_3c.mzML	8173	GEFVTTVQQR2	582.8033	GEFVTTVQQR	GEFVTTVQQR	2	0.0015527950310559
Substrate_comp_Rapid_Method_Polypropylenechip_3c.mzML	2490	KVISSANR2	437.75885	KVISSANR	KVISSANR	2	0.0015527950310559
Substrate_comp_Rapid_Method_Polypropylenechip_3c.mzML	12544	ELHINLIPNK3	397.56824	ELHINLIPNK	ELHINLIPNK	3	0.0015527950310559
Substrate_comp_Rapid_Method_Polypropylenechip_3c.mzML	9289	FISETLR2	433.24213	FISETLR	FISETLR	2	0.0015527950310559
Substrate_comp_Rapid_Method_Polypropylenechip_3c.mzML	5502	SPPGQVTEAVK2	556.8018	SPPGQVTEAVK	SPPGQVTEAVK	2	0.0015527950310559
Substrate_comp_Rapid_Method_Polypropylenechip_3c.mzML	12663	TLTIVDTGIGM[15.99]TK2	683.3675	TLTIVDTGIGMTK	TLTIVDTGIGM[15.99]TK	2	0.0015527950310559
Substrate_comp_Rapid_Method_Polypropylenechip_3c.mzML	10020	VAIDVGYR2	446.74948	VAIDVGYR	VAIDVGYR	2	0.0015527950310559
Substrate_comp_Rapid_Method_Polypropylenechip_3c.mzML	3568	DNSTM[15.99]GYM[15.99]AAK2	610.7506	DNSTMGYMAAK	DNSTM[15.99]GYM[15.99]AAK	2	0.0015527950310559
Substrate_comp_Rapid_Method_Polypropylenechip_3c.mzML	8904	ELYQQLQR2	539.28723	ELYQQLQR	ELYQQLQR	2	0.0015527950310559
Substrate_comp_Rapid_Method_Polypropylenechip_3c.mzML	2526	QVQDESQR2	495.23654	QVQDESQR	QVQDESQR	2	0.0015527950310559
Substrate_comp_Rapid_Method_Polypropylenechip_3c.mzML	4133	SAEAELQSK2	482.2407	SAEAELQSK	SAEAELQSK	2	0.0015527950310559
Substrate_comp_Rapid_Method_Polypropylenechip_3c.mzML	13987	QVEEEILALK2	586.3314	QVEEEILALK	QVEEEILALK	2	0.0015527950310559
Substrate_comp_Rapid_Method_Polypropylenechip_3c.mzML	12179	QRIDEFESM2	577.7616	QRIDEFESM	QRIDEFESM	2	0.0015527950310559
Substrate_comp_Rapid_Method_Polypropylenechip_3c.mzML	11048	YGVSGYPTLK2	542.787	YGVSGYPTLK	YGVSGYPTLK	2	0.0015527950310559
Substrate_comp_Rapid_Method_Polypropylenechip_3c.mzML	11857	NLVDNITGQR2	565.30096	NLVDNITGQR	NLVDNITGQR	2	0.0015527950310559
Substrate_comp_Rapid_Method_Polypropylenechip_3c.mzML	6573	GFDEYM[15.99]K2	453.18817	GFDEYMK	GFDEYM[15.99]K	2	0.0015527950310559
Substrate_comp_Rapid_Method_Polypropylenechip_3c.mzML	14561	SQVEEELFSVR2	661.83435	SQVEEELFSVR	SQVEEELFSVR	2	0.0015527950310559
Substrate_comp_Rapid_Method_Polypropylenechip_3c.mzML	9073	ELISNSSDALDK2	646.32086	ELISNSSDALDK	ELISNSSDALDK	2	0.0015527950310559
Substrate_comp_Rapid_Method_Polypropylenechip_3c.mzML	7924	QLAEEDLAQQR2	650.8286	QLAEEDLAQQR	QLAEEDLAQQR	2	0.0015527950310559
Substrate_comp_Rapid_Method_Polypropylenechip_3c.mzML	13415	ALQALEELR2	521.7975	ALQALEELR	ALQALEELR	2	0.0015527950310559
Substrate_comp_Rapid_Method_Polypropylenechip_3c.mzML	6785	GTQGAEEVLR2	530.2751	GTQGAEEVLR	GTQGAEEVLR	2	0.0015527950310559
Substrate_comp_Rapid_Method_Polypropylenechip_3c.mzML	16314	ILTFDQLALDSPK2	730.9041	ILTFDQLALDSPK	ILTFDQLALDSPK	2	0.0015527950310559
Substrate_comp_Rapid_Method_Polypropylenechip_3c.mzML	4742	AAVDGLSK2	380.71353	AAVDGLSK	AAVDGLSK	2	0.0015527950310559
Substrate_comp_Rapid_Method_Polypropylenechip_3c.mzML	15347	APDFVFYAPR2	591.8022	APDFVFYAPR	APDFVFYAPR	2	0.0015527950310559
Substrate_comp_Rapid_Method_Polypropylenechip_3c.mzML	15888	APVPASELLASGVLSR3	522.9667	APVPASELLASGVLSR	APVPASELLASGVLSR	3	0.0015527950310559
Substrate_comp_Rapid_Method_Polypropylenechip_3c.mzML	15871	APVPASELLASGVLSR2	783.94824	APVPASELLASGVLSR	APVPASELLASGVLSR	2	0.0015527950310559
Substrate_comp_Rapid_Method_Polypropylenechip_3c.mzML	6456	ANGMELDGR2	481.72177	ANGMELDGR	ANGMELDGR	2	0.0015527950310559
Substrate_comp_Rapid_Method_Polypropylenechip_3c.mzML	7719	TEAEIALK2	437.74774	TEAEIALK	TEAEIALK	2	0.0015527950310559
Substrate_comp_Rapid_Method_Polypropylenechip_3c.mzML	11100	EGLELPEDEEEK2	708.82263	EGLELPEDEEEK	EGLELPEDEEEK	2	0.0015527950310559
Substrate_comp_Rapid_Method_Polypropylenechip_3c.mzML	5002	RLTVNEAVK2	515.8179	RLTVNEAVK	RLTVNEAVK	2	0.0015527950310559
Substrate_comp_Rapid_Method_Polypropylenechip_3c.mzML	10076	VVEGSFVYK2	514.27704	VVEGSFVYK	VVEGSFVYK	2	0.0015527950310559
Substrate_comp_Rapid_Method_Polypropylenechip_3c.mzML	14336	TLTIVDTGIGMTK2	675.3705	TLTIVDTGIGMTK	TLTIVDTGIGMTK	2	0.0015527950310559
Substrate_comp_Rapid_Method_Polypropylenechip_3c.mzML	9162	AEVVETTQVYTEEETRR3	680.6665	AEVVETTQVYTEEETRR	AEVVETTQVYTEEETRR	3	0.0015527950310559
Substrate_comp_Rapid_Method_Polypropylenechip_3c.mzML	6455	VPDVQDGVR2	492.7595	VPDVQDGVR	VPDVQDGVR	2	0.0015527950310559
Substrate_comp_Rapid_Method_Polypropylenechip_3c.mzML	12192	YGLIYHASLVGQTSPK3	578.64636	YGLIYHASLVGQTSPK	YGLIYHASLVGQTSPK	3	0.0015527950310559
Substrate_comp_Rapid_Method_Polypropylenechip_3c.mzML	4088	QLAEEDAAR2	501.7472	QLAEEDAAR	QLAEEDAAR	2	0.0015527950310559
Substrate_comp_Rapid_Method_Polypropylenechip_3c.mzML	15476	GFPTIYFSPANK2	671.34595	GFPTIYFSPANK	GFPTIYFSPANK	2	0.0015527950310559
Substrate_comp_Rapid_Method_Polypropylenechip_3c.mzML	6839	RQELEAELAK2	593.8261	RQELEAELAK	RQELEAELAK	2	0.0015527950310559
Substrate_comp_Rapid_Method_Polypropylenechip_3c.mzML	3802	NDDIADGNPK2	529.74084	NDDIADGNPK	NDDIADGNPK	2	0.0015527950310559
Substrate_comp_Rapid_Method_Polypropylenechip_3c.mzML	7298	AEAELLQQQK2	579.31226	AEAELLQQQK	AEAELLQQQK	2	0.0015527950310559
Substrate_comp_Rapid_Method_Polypropylenechip_3c.mzML	7592	AQMVQEDLEK2	595.7905	AQMVQEDLEK	AQMVQEDLEK	2	0.0015527950310559
Substrate_comp_Rapid_Method_Polypropylenechip_3c.mzML	8027	QLQLAQEAAQK2	614.3384	QLQLAQEAAQK	QLQLAQEAAQK	2	0.0015527950310559
Substrate_comp_Rapid_Method_Polypropylenechip_3c.mzML	5109	RKPDTIEVQQMK3	491.60114	RKPDTIEVQQMK	RKPDTIEVQQMK	3	0.0015527950310559
Substrate_comp_Rapid_Method_Polypropylenechip_3c.mzML	12559	VNNSSLIGVGYTQTLRPGVK3	701.72516	VNNSSLIGVGYTQTLRPGVK	VNNSSLIGVGYTQTLRPGVK	3	0.0015527950310559
Substrate_comp_Rapid_Method_Polypropylenechip_3c.mzML	3276	RKPDTIEVQQM[15.99]K3	496.9324	RKPDTIEVQQMK	RKPDTIEVQQM[15.99]K	3	0.0015527950310559
Substrate_comp_Rapid_Method_Polypropylenechip_3c.mzML	5095	QEEAEYVR2	512.24097	QEEAEYVR	QEEAEYVR	2	0.0015527950310559
Substrate_comp_Rapid_Method_Polypropylenechip_3c.mzML	13604	LQEAGILSAEELQR2	778.91785	LQEAGILSAEELQR	LQEAGILSAEELQR	2	0.0015527950310559
Substrate_comp_Rapid_Method_Polypropylenechip_3c.mzML	11954	IM[15.99]NTFSVVPSPK2	668.35236	IMNTFSVVPSPK	IM[15.99]NTFSVVPSPK	2	0.0015527950310559
Substrate_comp_Rapid_Method_Polypropylenechip_3c.mzML	3031	QQQQMEQER2	602.7715	QQQQMEQER	QQQQMEQER	2	0.0015527950310559
Substrate_comp_Rapid_Method_Polypropylenechip_3c.mzML	11043	YSHLQPGDHLTDITLK4	460.24097	YSHLQPGDHLTDITLK	YSHLQPGDHLTDITLK	4	0.0015527950310559
Substrate_comp_Rapid_Method_Polypropylenechip_3c.mzML	9082	EGLELPEDEEEKK3	515.5807	EGLELPEDEEEKK	EGLELPEDEEEKK	3	0.0015527950310559
Substrate_comp_Rapid_Method_Polypropylenechip_3c.mzML	6554	RPELEDSTLR2	608.3185	RPELEDSTLR	RPELEDSTLR	2	0.0015527950310559
Substrate_comp_Rapid_Method_Polypropylenechip_3c.mzML	2352	AQAQAAAEK2	444.23245	AQAQAAAEK	AQAQAAAEK	2	0.0015527950310559
Substrate_comp_Rapid_Method_Polypropylenechip_3c.mzML	17049	VTIAQGGVLPNIQAVLLPK3	644.3946	VTIAQGGVLPNIQAVLLPK	VTIAQGGVLPNIQAVLLPK	3	0.0015527950310559
Substrate_comp_Rapid_Method_Polypropylenechip_3c.mzML	7015	YIDQEELNK2	576.2837	YIDQEELNK	YIDQEELNK	2	0.0015527950310559
Substrate_comp_Rapid_Method_Polypropylenechip_3c.mzML	3624	VKLPSGSK2	408.25296	VKLPSGSK	VKLPSGSK	2	0.0015527950310559
Substrate_comp_Rapid_Method_Polypropylenechip_3c.mzML	7408	DSQDAGGFGPEDR2	675.78394	DSQDAGGFGPEDR	DSQDAGGFGPEDR	2	0.0015527950310559
Substrate_comp_Rapid_Method_Polypropylenechip_3c.mzML	6226	DTHDQLSEPSEVR3	504.9019	DTHDQLSEPSEVR	DTHDQLSEPSEVR	3	0.0015527950310559
Substrate_comp_Rapid_Method_Polypropylenechip_3c.mzML	11996	FPGQLNADLR2	565.80225	FPGQLNADLR	FPGQLNADLR	2	0.0015527950310559
Substrate_comp_Rapid_Method_Polypropylenechip_3c.mzML	9516	INVYYNEATGGK2	664.8284	INVYYNEATGGK	INVYYNEATGGK	2	0.0015527950310559
Substrate_comp_Rapid_Method_Polypropylenechip_3c.mzML	9218	SLQEEHVAVAQLR3	493.935	SLQEEHVAVAQLR	SLQEEHVAVAQLR	3	0.0015527950310559
Substrate_comp_Rapid_Method_Polypropylenechip_3c.mzML	7364	QAGPASVPLR2	498.28613	QAGPASVPLR	QAGPASVPLR	2	0.0015527950310559
Substrate_comp_Rapid_Method_Polypropylenechip_3c.mzML	6694	LAQGHTTVDELAR2	705.8733	LAQGHTTVDELAR	LAQGHTTVDELAR	2	0.0015527950310559
Substrate_comp_Rapid_Method_Polypropylenechip_3c.mzML	2686	TDTGEPM[15.99]GR2	490.21115	TDTGEPMGR	TDTGEPM[15.99]GR	2	0.0015527950310559
Substrate_comp_Rapid_Method_Polypropylenechip_3c.mzML	3698	QVEVTVHK2	470.2665	QVEVTVHK	QVEVTVHK	2	0.0015527950310559
Substrate_comp_Rapid_Method_Polypropylenechip_3c.mzML	3856	LGIHEDSQNR3	390.19464	LGIHEDSQNR	LGIHEDSQNR	3	0.0015527950310559
Substrate_comp_Rapid_Method_Polypropylenechip_3c.mzML	12713	FLMANGQLVK2	560.8128	FLMANGQLVK	FLMANGQLVK	2	0.0015527950310559
Substrate_comp_Rapid_Method_Polypropylenechip_3c.mzML	12476	DIFPYSENK2	556.7674	DIFPYSENK	DIFPYSENK	2	0.0015527950310559
Substrate_comp_Rapid_Method_Polypropylenechip_3c.mzML	3901	QLAAEEER2	473.74643	QLAAEEER	QLAAEEER	2	0.0015527950310559
Substrate_comp_Rapid_Method_Polypropylenechip_3c.mzML	14857	VTLVQTLEIQR2	650.38605	VTLVQTLEIQR	VTLVQTLEIQR	2	0.0015527950310559
Substrate_comp_Rapid_Method_Polypropylenechip_3c.mzML	8542	AGLVGPEFHEK3	395.2084	AGLVGPEFHEK	AGLVGPEFHEK	3	0.0015527950310559
Substrate_comp_Rapid_Method_Polypropylenechip_3c.mzML	3008	ELQNAGDR2	451.7192	ELQNAGDR	ELQNAGDR	2	0.0015527950310559
Substrate_comp_Rapid_Method_Polypropylenechip_3c.mzML	6786	SEHPGLSIGDTAK2	656.33154	SEHPGLSIGDTAK	SEHPGLSIGDTAK	2	0.0015527950310559
Substrate_comp_Rapid_Method_Polypropylenechip_3c.mzML	7138	AVDFAER2	404.20355	AVDFAER	AVDFAER	2	0.0015527950310559
Substrate_comp_Rapid_Method_Polypropylenechip_3c.mzML	2993	AM[15.99]LENEK2	425.70172	AMLENEK	AM[15.99]LENEK	2	0.0015527950310559
Substrate_comp_Rapid_Method_Polypropylenechip_3c.mzML	11158	YQLDPTASISAK2	647.3389	YQLDPTASISAK	YQLDPTASISAK	2	0.0015527950310559
Substrate_comp_Rapid_Method_Polypropylenechip_3c.mzML	7606	AALAHSEEVTASQVAATK3	595.3117	AALAHSEEVTASQVAATK	AALAHSEEVTASQVAATK	3	0.0015527950310559
Substrate_comp_Rapid_Method_Polypropylenechip_3c.mzML	13433	MLLYTEVTR2	563.3017	MLLYTEVTR	MLLYTEVTR	2	0.0015527950310559
Substrate_comp_Rapid_Method_Polypropylenechip_3c.mzML	13189	GWEEGVAQMSVGQR2	767.3589	GWEEGVAQMSVGQR	GWEEGVAQMSVGQR	2	0.0015527950310559
Substrate_comp_Rapid_Method_Polypropylenechip_3c.mzML	4040	AQAEQAALR2	479.25964	AQAEQAALR	AQAEQAALR	2	0.0015527950310559
Substrate_comp_Rapid_Method_Polypropylenechip_3c.mzML	12641	TISLVIR2	401.26263	TISLVIR	TISLVIR	2	0.0015527950310559
Substrate_comp_Rapid_Method_Polypropylenechip_3c.mzML	4013	QLEM[15.99]SAEAER2	590.26984	QLEMSAEAER	QLEM[15.99]SAEAER	2	0.0015527950310559
Substrate_comp_Rapid_Method_Polypropylenechip_3c.mzML	10095	AYSDPSTGEPATYGELQQR2	1035.4764	AYSDPSTGEPATYGELQQR	AYSDPSTGEPATYGELQQR	2	0.0015527950310559
Substrate_comp_Rapid_Method_Polypropylenechip_3c.mzML	13689	LLDAQLSTGGIVDPSK2	807.4414	LLDAQLSTGGIVDPSK	LLDAQLSTGGIVDPSK	2	0.0015527950310559
Substrate_comp_Rapid_Method_Polypropylenechip_3c.mzML	9625	TAMSTPHVAEPAENEQDEQDENGAEASADLR3	1105.477	TAMSTPHVAEPAENEQDEQDENGAEASADLR	TAMSTPHVAEPAENEQDEQDENGAEASADLR	3	0.0015527950310559
Substrate_comp_Rapid_Method_Polypropylenechip_3c.mzML	16639	SGPFGQIFRPDNFVFGQSGAGNNWAK3	933.45233	SGPFGQIFRPDNFVFGQSGAGNNWAK	SGPFGQIFRPDNFVFGQSGAGNNWAK	3	0.0015527950310559
Substrate_comp_Rapid_Method_Polypropylenechip_3c.mzML	3358	KAQQELEEQTR2	680.34625	KAQQELEEQTR	KAQQELEEQTR	2	0.0015527950310559
Substrate_comp_Rapid_Method_Polypropylenechip_3c.mzML	12455	FPGQLNADLR2	565.80133	FPGQLNADLR	FPGQLNADLR	2	0.0015527950310559
Substrate_comp_Rapid_Method_Polypropylenechip_3c.mzML	4174	LSSAMSAAK2	433.22583	LSSAMSAAK	LSSAMSAAK	2	0.0015527950310559
Substrate_comp_Rapid_Method_Polypropylenechip_3c.mzML	5000	LQAEEVAQQK2	572.3038	LQAEEVAQQK	LQAEEVAQQK	2	0.0015527950310559
Substrate_comp_Rapid_Method_Polypropylenechip_3c.mzML	7845	LTVDEAVR2	451.75098	LTVDEAVR	LTVDEAVR	2	0.0015527950310559
Substrate_comp_Rapid_Method_Polypropylenechip_3c.mzML	8388	FPVTDAVNK2	495.76584	FPVTDAVNK	FPVTDAVNK	2	0.0015527950310559
Substrate_comp_Rapid_Method_Polypropylenechip_3c.mzML	7273	TKPIWTR2	451.2675	TKPIWTR	TKPIWTR	2	0.0015527950310559
Substrate_comp_Rapid_Method_Polypropylenechip_3c.mzML	13893	VNNSSLIGVGYTQTLRPGVK3	701.7331	VNNSSLIGVGYTQTLRPGVK	VNNSSLIGVGYTQTLRPGVK	3	0.0015527950310559
Substrate_comp_Rapid_Method_Polypropylenechip_3c.mzML	2482	RLEEQAAQHK3	403.88242	RLEEQAAQHK	RLEEQAAQHK	3	0.0015527950310559
Substrate_comp_Rapid_Method_Polypropylenechip_3c.mzML	13030	LLEAQIATGGIIDPVHSHR3	676.3732	LLEAQIATGGIIDPVHSHR	LLEAQIATGGIIDPVHSHR	3	0.0015527950310559
Substrate_comp_Rapid_Method_Polypropylenechip_3c.mzML	14016	LFFVGSR2	413.23447	LFFVGSR	LFFVGSR	2	0.0015527950310559
Substrate_comp_Rapid_Method_Polypropylenechip_3c.mzML	3739	LVASM[15.99]EEAR2	511.25183	LVASMEEAR	LVASM[15.99]EEAR	2	0.0015527950310559
Substrate_comp_Rapid_Method_Polypropylenechip_3c.mzML	15553	SLLAWQSLR2	537.3084	SLLAWQSLR	SLLAWQSLR	2	0.0015527950310559
Substrate_comp_Rapid_Method_Polypropylenechip_3c.mzML	5588	LSVAAQEAAR2	508.27982	LSVAAQEAAR	LSVAAQEAAR	2	0.0015527950310559
Substrate_comp_Rapid_Method_Polypropylenechip_3c.mzML	5734	DNSTM[15.99]GYMAAK2	602.7506	DNSTMGYMAAK	DNSTM[15.99]GYMAAK	2	0.0015527950310559
Substrate_comp_Rapid_Method_Polypropylenechip_3c.mzML	12802	GFFDPNTHENLTYR3	570.93384	GFFDPNTHENLTYR	GFFDPNTHENLTYR	3	0.0015527950310559
Substrate_comp_Rapid_Method_Polypropylenechip_3c.mzML	11318	MDATANDVPSPYEVR2	832.883	MDATANDVPSPYEVR	MDATANDVPSPYEVR	2	0.0015527950310559
Substrate_comp_Rapid_Method_Polypropylenechip_3c.mzML	8106	ISQLEMAR2	474.25302	ISQLEMAR	ISQLEMAR	2	0.0015527950310559
Substrate_comp_Rapid_Method_Polypropylenechip_3c.mzML	5009	SDEGQLSPATR2	580.78125	SDEGQLSPATR	SDEGQLSPATR	2	0.0015527950310559
Substrate_comp_Rapid_Method_Polypropylenechip_3c.mzML	5551	AQM[15.99]VQEDLEK2	603.7878	AQMVQEDLEK	AQM[15.99]VQEDLEK	2	0.0015527950310559
Substrate_comp_Rapid_Method_Polypropylenechip_3c.mzML	10033	TAMSTPHVAEPAENEQDEQDENGAEASADLR3	1105.1409	TAMSTPHVAEPAENEQDEQDENGAEASADLR	TAMSTPHVAEPAENEQDEQDENGAEASADLR	3	0.0015527950310559
Substrate_comp_Rapid_Method_Polypropylenechip_3c.mzML	16624	IGFPWSEIR2	552.79456	IGFPWSEIR	IGFPWSEIR	2	0.0015527950310559
Substrate_comp_Rapid_Method_Polypropylenechip_3c.mzML	15653	GIYQSLEGAVQAGQLK2	831.44714	GIYQSLEGAVQAGQLK	GIYQSLEGAVQAGQLK	2	0.0015527950310559
Substrate_comp_Rapid_Method_Polypropylenechip_3c.mzML	4101	EEEIEAQEK2	552.7561	EEEIEAQEK	EEEIEAQEK	2	0.0015527950310559
Substrate_comp_Rapid_Method_Polypropylenechip_3c.mzML	11394	AQAEAQQPTFDALR2	773.3879	AQAEAQQPTFDALR	AQAEAQQPTFDALR	2	0.0015527950310559
Substrate_comp_Rapid_Method_Polypropylenechip_3c.mzML	17097	EVWFFGLQYQDTK2	830.9041	EVWFFGLQYQDTK	EVWFFGLQYQDTK	2	0.0015527950310559
Substrate_comp_Rapid_Method_Polypropylenechip_3c.mzML	8115	VPVDVAYQR2	523.7858	VPVDVAYQR	VPVDVAYQR	2	0.0015527950310559
Substrate_comp_Rapid_Method_Polypropylenechip_3c.mzML	8633	AFAAQEDLEK2	561.2773	AFAAQEDLEK	AFAAQEDLEK	2	0.0015527950310559
Substrate_comp_Rapid_Method_Polypropylenechip_3c.mzML	14880	LTLSALVDGK2	508.80402	LTLSALVDGK	LTLSALVDGK	2	0.0015527950310559
Substrate_comp_Rapid_Method_Polypropylenechip_3c.mzML	3405	QAADAEMEK2	496.72095	QAADAEMEK	QAADAEMEK	2	0.0015527950310559
Substrate_comp_Rapid_Method_Polypropylenechip_3c.mzML	7857	IRYESLTDPSK3	436.89795	IRYESLTDPSK	IRYESLTDPSK	3	0.0015527950310559
Substrate_comp_Rapid_Method_Polypropylenechip_3c.mzML	7335	AQFEQLK2	432.23535	AQFEQLK	AQFEQLK	2	0.0015527950310559
Substrate_comp_Rapid_Method_Polypropylenechip_3c.mzML	11135	QYDIDDAIAK2	576.2832	QYDIDDAIAK	QYDIDDAIAK	2	0.0015527950310559
Substrate_comp_Rapid_Method_Polypropylenechip_3c.mzML	9387	KHPDSSVNFAEFSK3	531.5938	KHPDSSVNFAEFSK	KHPDSSVNFAEFSK	3	0.0015527950310559
Substrate_comp_Rapid_Method_Polypropylenechip_3c.mzML	4141	KGAGSVFR2	411.2354	KGAGSVFR	KGAGSVFR	2	0.0015527950310559
Substrate_comp_Rapid_Method_Polypropylenechip_3c.mzML	12003	LPETNLFETEETRK3	569.62555	LPETNLFETEETRK	LPETNLFETEETRK	3	0.0015527950310559
Substrate_comp_Rapid_Method_Polypropylenechip_3c.mzML	7183	LLLNNGAK2	421.75806	LLLNNGAK	LLLNNGAK	2	0.0015527950310559
Substrate_comp_Rapid_Method_Polypropylenechip_3c.mzML	17038	VTIAQGGVLPNIQAVLLPK2	966.08887	VTIAQGGVLPNIQAVLLPK	VTIAQGGVLPNIQAVLLPK	2	0.0015527950310559
Substrate_comp_Rapid_Method_Polypropylenechip_3c.mzML	4754	VLADPSDDTK2	531.2679	VLADPSDDTK	VLADPSDDTK	2	0.0015527950310559
Substrate_comp_Rapid_Method_Polypropylenechip_3c.mzML	5817	KTANDMIHAENMR3	510.91058	KTANDMIHAENMR	KTANDMIHAENMR	3	0.0015527950310559
Substrate_comp_Rapid_Method_Polypropylenechip_3c.mzML	6576	AQLEPVASPAK2	555.8102	AQLEPVASPAK	AQLEPVASPAK	2	0.0015527950310559
Substrate_comp_Rapid_Method_Polypropylenechip_3c.mzML	17249	SPYLYPLYGLGELPQGFAR2	1071.059	SPYLYPLYGLGELPQGFAR	SPYLYPLYGLGELPQGFAR	2	0.0015527950310559
Substrate_comp_Rapid_Method_Polypropylenechip_3c.mzML	13057	TLTIVDTGIGM[15.99]TK2	683.36707	TLTIVDTGIGMTK	TLTIVDTGIGM[15.99]TK	2	0.0015527950310559
Substrate_comp_Rapid_Method_Polypropylenechip_3c.mzML	2711	QLAEAHAQAK2	533.7856	QLAEAHAQAK	QLAEAHAQAK	2	0.0015527950310559
Substrate_comp_Rapid_Method_Polypropylenechip_3c.mzML	11220	KHLEINPDHSIIETLR4	479.51578	KHLEINPDHSIIETLR	KHLEINPDHSIIETLR	4	0.0015527950310559
Substrate_comp_Rapid_Method_Polypropylenechip_3c.mzML	3709	VAEEEETSVK2	560.7718	VAEEEETSVK	VAEEEETSVK	2	0.0015527950310559
Substrate_comp_Rapid_Method_Polypropylenechip_3c.mzML	15201	SWSLATFR2	484.2537	SWSLATFR	SWSLATFR	2	0.0015527950310559
Substrate_comp_Rapid_Method_Polypropylenechip_3c.mzML	13203	NLLDEELQR2	565.2958	NLLDEELQR	NLLDEELQR	2	0.0015527950310559
Substrate_comp_Rapid_Method_Polypropylenechip_3c.mzML	10595	GLLSAEVAR2	458.2669	GLLSAEVAR	GLLSAEVAR	2	0.0015527950310559
Substrate_comp_Rapid_Method_Polypropylenechip_3c.mzML	14117	SIQEELQQLR2	622.33545	SIQEELQQLR	SIQEELQQLR	2	0.0015527950310559
Substrate_comp_Rapid_Method_Polypropylenechip_3c.mzML	14832	KTQEQLALEMAELTAR3	611.3264	KTQEQLALEMAELTAR	KTQEQLALEMAELTAR	3	0.0015527950310559
Substrate_comp_Rapid_Method_Polypropylenechip_3c.mzML	12280	HISDLYEDLR2	630.81335	HISDLYEDLR	HISDLYEDLR	2	0.0015527950310559
Substrate_comp_Rapid_Method_Polypropylenechip_3c.mzML	9035	MVEGYQGLR2	526.7623	MVEGYQGLR	MVEGYQGLR	2	0.0015527950310559
Substrate_comp_Rapid_Method_Polypropylenechip_3c.mzML	3354	KAQQELEEQTR3	453.8999	KAQQELEEQTR	KAQQELEEQTR	3	0.0015527950310559
Substrate_comp_Rapid_Method_Polypropylenechip_3c.mzML	10268	LAAEQELIR2	521.7984	LAAEQELIR	LAAEQELIR	2	0.0015527950310559
Substrate_comp_Rapid_Method_Polypropylenechip_3c.mzML	7964	QLFEEQAK2	496.7561	QLFEEQAK	QLFEEQAK	2	0.0015527950310559
Substrate_comp_Rapid_Method_Polypropylenechip_3c.mzML	8820	EAIAELER2	465.74774	EAIAELER	EAIAELER	2	0.0015527950310559
Substrate_comp_Rapid_Method_Polypropylenechip_3c.mzML	13319	AELELELGR2	515.2818	AELELELGR	AELELELGR	2	0.0015527950310559
Substrate_comp_Rapid_Method_Polypropylenechip_3c.mzML	13009	AEMEVLLASK2	545.7949	AEMEVLLASK	AEMEVLLASK	2	0.0015527950310559
Substrate_comp_Rapid_Method_Polypropylenechip_3c.mzML	8484	QQEELLAEENQR2	743.85974	QQEELLAEENQR	QQEELLAEENQR	2	0.0015527950310559
Substrate_comp_Rapid_Method_Polypropylenechip_3c.mzML	10547	LAEVEAALEK2	536.7981	LAEVEAALEK	LAEVEAALEK	2	0.0015527950310559
Substrate_comp_Rapid_Method_Polypropylenechip_3c.mzML	7498	LAPEYEAAATR2	596.3038	LAPEYEAAATR	LAPEYEAAATR	2	0.0015527950310559
Substrate_comp_Rapid_Method_Polypropylenechip_3c.mzML	8762	AVIDLNNR2	457.75674	AVIDLNNR	AVIDLNNR	2	0.0015527950310559
Substrate_comp_Rapid_Method_Polypropylenechip_3c.mzML	7035	DVAEVDTVR2	502.2576	DVAEVDTVR	DVAEVDTVR	2	0.0015527950310559
Substrate_comp_Rapid_Method_Polypropylenechip_3c.mzML	6733	AVVGVVAGGGR2	471.28134	AVVGVVAGGGR	AVVGVVAGGGR	2	0.0015527950310559
Substrate_comp_Rapid_Method_Polypropylenechip_3c.mzML	13033	SLTNDWEDHLAVK2	764.37537	SLTNDWEDHLAVK	SLTNDWEDHLAVK	2	0.0015527950310559
Substrate_comp_Rapid_Method_Polypropylenechip_3c.mzML	11047	YSHLQPGDHLTDITLK3	613.319	YSHLQPGDHLTDITLK	YSHLQPGDHLTDITLK	3	0.0015527950310559
Substrate_comp_Rapid_Method_Polypropylenechip_3c.mzML	9098	EGLELPEDEEEKK2	772.8683	EGLELPEDEEEKK	EGLELPEDEEEKK	2	0.0015527950310559
Substrate_comp_Rapid_Method_Polypropylenechip_3c.mzML	6085	QQEVETELK2	552.2825	QQEVETELK	QQEVETELK	2	0.0015527950310559
Substrate_comp_Rapid_Method_Polypropylenechip_3c.mzML	15957	LFGYEPTIYYPK2	745.8833	LFGYEPTIYYPK	LFGYEPTIYYPK	2	0.0015527950310559
Substrate_comp_Rapid_Method_Polypropylenechip_3c.mzML	8856	HLQLAIR2	425.76614	HLQLAIR	HLQLAIR	2	0.0015527950310559
Substrate_comp_Rapid_Method_Polypropylenechip_3c.mzML	10166	EQLQLLEEQHR3	474.9153	EQLQLLEEQHR	EQLQLLEEQHR	3	0.0015527950310559
Substrate_comp_Rapid_Method_Polypropylenechip_3c.mzML	4227	EGVVGPELHHK3	401.21582	EGVVGPELHHK	EGVVGPELHHK	3	0.0015527950310559
Substrate_comp_Rapid_Method_Polypropylenechip_3c.mzML	6102	FLQEEAEK2	497.24713	FLQEEAEK	FLQEEAEK	2	0.0015527950310559
Substrate_comp_Rapid_Method_Polypropylenechip_3c.mzML	5805	DIIHDPGR2	461.74042	DIIHDPGR	DIIHDPGR	2	0.0015527950310559
Substrate_comp_Rapid_Method_Polypropylenechip_3c.mzML	11899	EGLTSIEEVTK2	603.3169	EGLTSIEEVTK	EGLTSIEEVTK	2	0.0015527950310559
Substrate_comp_Rapid_Method_Polypropylenechip_3c.mzML	10536	LLPLEEHYR3	390.54898	LLPLEEHYR	LLPLEEHYR	3	0.0015527950310559
Substrate_comp_Rapid_Method_Polypropylenechip_3c.mzML	14284	QALHSLELHYQAFLR4	457.24777	QALHSLELHYQAFLR	QALHSLELHYQAFLR	4	0.0015527950310559
Substrate_comp_Rapid_Method_Polypropylenechip_3c.mzML	7443	LQLEATER2	480.26263	LQLEATER	LQLEATER	2	0.0015527950310559
Substrate_comp_Rapid_Method_Polypropylenechip_3c.mzML	7624	M[15.99]VEGYQGLR2	534.7609	MVEGYQGLR	M[15.99]VEGYQGLR	2	0.0015527950310559
Substrate_comp_Rapid_Method_Polypropylenechip_3c.mzML	8899	QITM[15.99]EELVR2	567.7938	QITMEELVR	QITM[15.99]EELVR	2	0.0015527950310559
Substrate_comp_Rapid_Method_Polypropylenechip_3c.mzML	5440	DNSTMGYM[15.99]AAK2	602.7537	DNSTMGYMAAK	DNSTMGYM[15.99]AAK	2	0.0015527950310559
Substrate_comp_Rapid_Method_Polypropylenechip_3c.mzML	4573	TANDM[15.99]IHAENMR3	473.54355	TANDMIHAENMR	TANDM[15.99]IHAENMR	3	0.0015527950310559
Substrate_comp_Rapid_Method_Polypropylenechip_3c.mzML	13549	TAVDSLVAYSVK2	626.8428	TAVDSLVAYSVK	TAVDSLVAYSVK	2	0.0015527950310559
Substrate_comp_Rapid_Method_Polypropylenechip_3c.mzML	5495	AFEAVDK2	390.20102	AFEAVDK	AFEAVDK	2	0.0015527950310559
Substrate_comp_Rapid_Method_Polypropylenechip_3c.mzML	8090	VPPGYHPLDVEK3	450.90695	VPPGYHPLDVEK	VPPGYHPLDVEK	3	0.0015527950310559
Substrate_comp_Rapid_Method_Polypropylenechip_3c.mzML	12314	WQAVLAQTDVR2	643.8454	WQAVLAQTDVR	WQAVLAQTDVR	2	0.0015527950310559
Substrate_comp_Rapid_Method_Polypropylenechip_3c.mzML	7466	VSIYEAM[15.99]R2	492.74536	VSIYEAMR	VSIYEAM[15.99]R	2	0.0015527950310559
Substrate_comp_Rapid_Method_Polypropylenechip_3c.mzML	6960	SALDQYR2	426.7144	SALDQYR	SALDQYR	2	0.0015527950310559
Substrate_comp_Rapid_Method_Polypropylenechip_3c.mzML	13623	VTYHPDGPEGQAYDVDFTPPFRR4	666.8169	VTYHPDGPEGQAYDVDFTPPFRR	VTYHPDGPEGQAYDVDFTPPFRR	4	0.0015527950310559
Substrate_comp_Rapid_Method_Polypropylenechip_3c.mzML	5321	EENIEDATEK2	589.2661	EENIEDATEK	EENIEDATEK	2	0.0015527950310559
Substrate_comp_Rapid_Method_Polypropylenechip_3c.mzML	16846	GHYTEGAELVDSVLDVVR3	653.66614	GHYTEGAELVDSVLDVVR	GHYTEGAELVDSVLDVVR	3	0.0015527950310559
Substrate_comp_Rapid_Method_Polypropylenechip_3c.mzML	16426	NSSYFVEWIPNNVK3	566.28296	NSSYFVEWIPNNVK	NSSYFVEWIPNNVK	3	0.0015527950310559
Substrate_comp_Rapid_Method_Polypropylenechip_3c.mzML	4220	ELAEEAAR2	444.72482	ELAEEAAR	ELAEEAAR	2	0.0015527950310559
Substrate_comp_Rapid_Method_Polypropylenechip_3c.mzML	2732	EM[15.99]LQQSK2	440.21555	EMLQQSK	EM[15.99]LQQSK	2	0.0015527950310559
Substrate_comp_Rapid_Method_Polypropylenechip_3c.mzML	16686	ALTVPELTQQMFDAK2	846.4388	ALTVPELTQQMFDAK	ALTVPELTQQMFDAK	2	0.0015527950310559
Substrate_comp_Rapid_Method_Polypropylenechip_3c.mzML	5554	GTQGATAGASSELDASK2	775.86926	GTQGATAGASSELDASK	GTQGATAGASSELDASK	2	0.0015527950310559
Substrate_comp_Rapid_Method_Polypropylenechip_3c.mzML	13324	QVETEEAGVVTTATASVNLK2	1024.0293	QVETEEAGVVTTATASVNLK	QVETEEAGVVTTATASVNLK	2	0.0015527950310559
Substrate_comp_Rapid_Method_Polypropylenechip_3c.mzML	14950	FWEVISDEHGIDPTGTYHGDSDLQLER4	779.86053	FWEVISDEHGIDPTGTYHGDSDLQLER	FWEVISDEHGIDPTGTYHGDSDLQLER	4	0.0015527950310559
Substrate_comp_Rapid_Method_Polypropylenechip_3c.mzML	9510	FPGQLNADLRK3	420.23492	FPGQLNADLRK	FPGQLNADLRK	3	0.0015527950310559
Substrate_comp_Rapid_Method_Polypropylenechip_3c.mzML	6673	LAQGHTTVDELAR3	470.91748	LAQGHTTVDELAR	LAQGHTTVDELAR	3	0.0015527950310559
Substrate_comp_Rapid_Method_Polypropylenechip_3c.mzML	13360	LAVNM[15.99]VPFPR2	580.3185	LAVNMVPFPR	LAVNM[15.99]VPFPR	2	0.0015527950310559
Substrate_comp_Rapid_Method_Polypropylenechip_3c.mzML	8506	QRIDEFESM[15.99]2	585.7574	QRIDEFESM	QRIDEFESM[15.99]	2	0.0015527950310559
Substrate_comp_Rapid_Method_Polypropylenechip_3c.mzML	5402	DVAEVDTVRR2	580.30804	DVAEVDTVRR	DVAEVDTVRR	2	0.0015527950310559
Substrate_comp_Rapid_Method_Polypropylenechip_3c.mzML	9141	TNSTFNQVVLKR3	469.59555	TNSTFNQVVLKR	TNSTFNQVVLKR	3	0.0015527950310559
Substrate_comp_Rapid_Method_Polypropylenechip_3c.mzML	13247	NPDDITNEEYGEFYK2	917.3934	NPDDITNEEYGEFYK	NPDDITNEEYGEFYK	2	0.0015527950310559
Substrate_comp_Rapid_Method_Polypropylenechip_3c.mzML	12086	IM[15.99]NTFSVVPSPK2	668.3525	IMNTFSVVPSPK	IM[15.99]NTFSVVPSPK	2	0.0015527950310559
Substrate_comp_Rapid_Method_Polypropylenechip_3c.mzML	9743	FPGQLNADLRK3	420.23526	FPGQLNADLRK	FPGQLNADLRK	3	0.0015527950310559
Substrate_comp_Rapid_Method_Polypropylenechip_3c.mzML	15325	TPEELFHPLGADSQV2	820.4031	TPEELFHPLGADSQV	TPEELFHPLGADSQV	2	0.0015527950310559
Substrate_comp_Rapid_Method_Polypropylenechip_3c.mzML	7063	LLQTSNITK2	509.3004	LLQTSNITK	LLQTSNITK	2	0.0015527950310559
Substrate_comp_Rapid_Method_Polypropylenechip_3c.mzML	6116	RGDIIGVQGNPGK3	437.5773	RGDIIGVQGNPGK	RGDIIGVQGNPGK	3	0.0015527950310559
Substrate_comp_Rapid_Method_Polypropylenechip_3c.mzML	8552	LTVEEAVR2	458.75922	LTVEEAVR	LTVEEAVR	2	0.0015527950310559
Substrate_comp_Rapid_Method_Polypropylenechip_3c.mzML	8415	TAM[15.99]STPHVAEPAENEQDEQDENGAEASADLR3	1110.1438	TAMSTPHVAEPAENEQDEQDENGAEASADLR	TAM[15.99]STPHVAEPAENEQDEQDENGAEASADLR	3	0.0015527950310559
Substrate_comp_Rapid_Method_Polypropylenechip_3c.mzML	9097	GLHQSIEEFR3	405.8753	GLHQSIEEFR	GLHQSIEEFR	3	0.0015527950310559
Substrate_comp_Rapid_Method_Polypropylenechip_3c.mzML	9555	SEEEFIHINNK3	453.8891	SEEEFIHINNK	SEEEFIHINNK	3	0.0015527950310559
Substrate_comp_Rapid_Method_Polypropylenechip_3c.mzML	7595	HKPLLIDMNK3	403.56595	HKPLLIDMNK	HKPLLIDMNK	3	0.0015527950310559
Substrate_comp_Rapid_Method_Polypropylenechip_3c.mzML	4548	QSNASSDVEVEEK2	711.3239	QSNASSDVEVEEK	QSNASSDVEVEEK	2	0.0015527950310559
Substrate_comp_Rapid_Method_Polypropylenechip_3c.mzML	3438	QKPITPETAEK3	414.5627	QKPITPETAEK	QKPITPETAEK	3	0.0015527950310559
Substrate_comp_Rapid_Method_Polypropylenechip_3c.mzML	5275	LGGGLGGTR2	394.22385	LGGGLGGTR	LGGGLGGTR	2	0.0015527950310559
Substrate_comp_Rapid_Method_Polypropylenechip_3c.mzML	11667	LKNELLEIKR3	419.59457	LKNELLEIKR	LKNELLEIKR	3	0.0015527950310559
Substrate_comp_Rapid_Method_Polypropylenechip_3c.mzML	5643	EATNPPVIQEEKPK3	527.2822	EATNPPVIQEEKPK	EATNPPVIQEEKPK	3	0.0015527950310559
Substrate_comp_Rapid_Method_Polypropylenechip_3c.mzML	14485	RAPFDLFENR2	632.8254	RAPFDLFENR	RAPFDLFENR	2	0.0015527950310559
Substrate_comp_Rapid_Method_Polypropylenechip_3c.mzML	8483	FVM[15.99]QEEFSR2	594.77045	FVMQEEFSR	FVM[15.99]QEEFSR	2	0.0015527950310559
Substrate_comp_Rapid_Method_Polypropylenechip_3c.mzML	3094	NDEELNK2	431.20096	NDEELNK	NDEELNK	2	0.0015527950310559
Substrate_comp_Rapid_Method_Polypropylenechip_3c.mzML	13866	EQMAQQLAEETQGFQR3	631.9649	EQMAQQLAEETQGFQR	EQMAQQLAEETQGFQR	3	0.0015527950310559
Substrate_comp_Rapid_Method_Polypropylenechip_3c.mzML	8785	GYFDEEM[15.99]NR2	588.7351	GYFDEEMNR	GYFDEEM[15.99]NR	2	0.0015527950310559
Substrate_comp_Rapid_Method_Polypropylenechip_3c.mzML	3869	LGIHEDSQNR2	584.7883	LGIHEDSQNR	LGIHEDSQNR	2	0.0015527950310559
Substrate_comp_Rapid_Method_Polypropylenechip_3c.mzML	7823	QYINAIK2	425.24512	QYINAIK	QYINAIK	2	0.0015527950310559
Substrate_comp_Rapid_Method_Polypropylenechip_3c.mzML	9374	FPGQLNADLRK3	420.2345	FPGQLNADLRK	FPGQLNADLRK	3	0.0015527950310559
Substrate_comp_Rapid_Method_Polypropylenechip_3c.mzML	4571	SATQFTGR2	434.22	SATQFTGR	SATQFTGR	2	0.0015527950310559
Substrate_comp_Rapid_Method_Polypropylenechip_3c.mzML	12944	LEQLFQDEVAK2	660.3467	LEQLFQDEVAK	LEQLFQDEVAK	2	0.0015527950310559
Substrate_comp_Rapid_Method_Polypropylenechip_3c.mzML	4959	LQLEETDHQK2	620.81177	LQLEETDHQK	LQLEETDHQK	2	0.0015527950310559
Substrate_comp_Rapid_Method_Polypropylenechip_3c.mzML	8364	EDQTEYLEER2	656.2875	EDQTEYLEER	EDQTEYLEER	2	0.0015527950310559
Substrate_comp_Rapid_Method_Polypropylenechip_3c.mzML	12307	AQLMADFQAGR2	604.2966	AQLMADFQAGR	AQLMADFQAGR	2	0.0015527950310559
Substrate_comp_Rapid_Method_Polypropylenechip_3c.mzML	10845	LGEMWSEQSAK2	633.2953	LGEMWSEQSAK	LGEMWSEQSAK	2	0.0015527950310559
Substrate_comp_Rapid_Method_Polypropylenechip_3c.mzML	5747	LQAEAQQLR2	528.79236	LQAEAQQLR	LQAEAQQLR	2	0.0015527950310559
Substrate_comp_Rapid_Method_Polypropylenechip_3c.mzML	7118	EALLQASR2	444.25223	EALLQASR	EALLQASR	2	0.0015527950310559
Substrate_comp_Rapid_Method_Polypropylenechip_3c.mzML	4949	EQLNEYK2	462.2269	EQLNEYK	EQLNEYK	2	0.0015527950310559
Substrate_comp_Rapid_Method_Polypropylenechip_3c.mzML	15481	FVEGLPINDFSR2	697.36066	FVEGLPINDFSR	FVEGLPINDFSR	2	0.0015527950310559
Substrate_comp_Rapid_Method_Polypropylenechip_3c.mzML	13293	SYGPAPGAGHVQEESNLSLQALESR3	866.42316	SYGPAPGAGHVQEESNLSLQALESR	SYGPAPGAGHVQEESNLSLQALESR	3	0.0015527950310559
Substrate_comp_Rapid_Method_Polypropylenechip_3c.mzML	13487	AVLVDLEPGTM[15.99]DSVR2	809.4119	AVLVDLEPGTMDSVR	AVLVDLEPGTM[15.99]DSVR	2	0.0015527950310559
Substrate_comp_Rapid_Method_Polypropylenechip_3c.mzML	12472	FVMQEEFSR2	586.774	FVMQEEFSR	FVMQEEFSR	2	0.0015527950310559
Substrate_comp_Rapid_Method_Polypropylenechip_3c.mzML	11141	SSRAGLQFPVGR3	426.235	SSRAGLQFPVGR	SSRAGLQFPVGR	3	0.0015527950310559
Substrate_comp_Rapid_Method_Polypropylenechip_3c.mzML	6392	AALEEVER2	458.74078	AALEEVER	AALEEVER	2	0.0015527950310559
Substrate_comp_Rapid_Method_Polypropylenechip_3c.mzML	15765	VQSGSESVIQEYVDLR2	904.9585	VQSGSESVIQEYVDLR	VQSGSESVIQEYVDLR	2	0.0015527950310559
Substrate_comp_Rapid_Method_Polypropylenechip_3c.mzML	4981	TANDMIHAENM[15.99]R3	473.5431	TANDMIHAENMR	TANDMIHAENM[15.99]R	3	0.0015527950310559
Substrate_comp_Rapid_Method_Polypropylenechip_3c.mzML	4695	RQAEVELASR2	579.8152	RQAEVELASR	RQAEVELASR	2	0.0015527950310559
Substrate_comp_Rapid_Method_Polypropylenechip_3c.mzML	16690	IAQDLEMYGVNYFSIK2	945.9702	IAQDLEMYGVNYFSIK	IAQDLEMYGVNYFSIK	2	0.0015527950310559
Substrate_comp_Rapid_Method_Polypropylenechip_3c.mzML	16411	NSSYFVEWIPNNVK2	848.9208	NSSYFVEWIPNNVK	NSSYFVEWIPNNVK	2	0.0015527950310559
Substrate_comp_Rapid_Method_Polypropylenechip_3c.mzML	14213	VTTM[15.99]DAELEFAIQPNTTGK2	1041.5061	VTTMDAELEFAIQPNTTGK	VTTM[15.99]DAELEFAIQPNTTGK	2	0.0015527950310559
Substrate_comp_Rapid_Method_Polypropylenechip_3c.mzML	16970	ALPFWNEEIVPQIK2	842.4584	ALPFWNEEIVPQIK	ALPFWNEEIVPQIK	2	0.0015527950310559
Substrate_comp_Rapid_Method_Polypropylenechip_3c.mzML	8839	NNFAVGYR2	470.7344	NNFAVGYR	NNFAVGYR	2	0.0015527950310559
Substrate_comp_Rapid_Method_Polypropylenechip_3c.mzML	8848	RTNSTFNQVVLK2	703.89124	RTNSTFNQVVLK	RTNSTFNQVVLK	2	0.0015527950310559
Substrate_comp_Rapid_Method_Polypropylenechip_3c.mzML	9125	YYTSASGDEM[15.99]VSLK2	783.8515	YYTSASGDEMVSLK	YYTSASGDEM[15.99]VSLK	2	0.0015527950310559
Substrate_comp_Rapid_Method_Polypropylenechip_3c.mzML	7482	ELAEQELEK2	544.7772	ELAEQELEK	ELAEQELEK	2	0.0015527950310559
Substrate_comp_Rapid_Method_Polypropylenechip_3c.mzML	13663	IMNTFSVVPSPK2	660.3556	IMNTFSVVPSPK	IMNTFSVVPSPK	2	0.0015527950310559
Substrate_comp_Rapid_Method_Polypropylenechip_3c.mzML	17325	DASIVGFFDDSFSEAHSEFLK3	783.3642	DASIVGFFDDSFSEAHSEFLK	DASIVGFFDDSFSEAHSEFLK	3	0.0015527950310559
Substrate_comp_Rapid_Method_Polypropylenechip_3c.mzML	8170	LLSTDPVTAK2	522.7998	LLSTDPVTAK	LLSTDPVTAK	2	0.0015527950310559
Substrate_comp_Rapid_Method_Polypropylenechip_3c.mzML	12808	RSIQEELQQLR3	467.25925	RSIQEELQQLR	RSIQEELQQLR	3	0.0015527950310559
Substrate_comp_Rapid_Method_Polypropylenechip_3c.mzML	3109	EAEGQLQK2	451.73218	EAEGQLQK	EAEGQLQK	2	0.0015527950310559
Substrate_comp_Rapid_Method_Polypropylenechip_3c.mzML	15513	FLQDYFDGNLK2	680.33435	FLQDYFDGNLK	FLQDYFDGNLK	2	0.0015527950310559
Substrate_comp_Rapid_Method_Polypropylenechip_3c.mzML	7538	ASGNYATVISHNPETK2	844.916	ASGNYATVISHNPETK	ASGNYATVISHNPETK	2	0.0015527950310559
Substrate_comp_Rapid_Method_Polypropylenechip_3c.mzML	2906	TLKPEEQR2	500.77933	TLKPEEQR	TLKPEEQR	2	0.0015527950310559
Substrate_comp_Rapid_Method_Polypropylenechip_3c.mzML	15340	WFNGQPIHAELSPVTDFR3	705.35504	WFNGQPIHAELSPVTDFR	WFNGQPIHAELSPVTDFR	3	0.0015527950310559
Substrate_comp_Rapid_Method_Polypropylenechip_3c.mzML	4593	HKPLLIDM[15.99]NK3	408.89667	HKPLLIDMNK	HKPLLIDM[15.99]NK	3	0.0015527950310559
Substrate_comp_Rapid_Method_Polypropylenechip_3c.mzML	4198	AQQELEEQTR2	616.29877	AQQELEEQTR	AQQELEEQTR	2	0.0015527950310559
Substrate_comp_Rapid_Method_Polypropylenechip_3c.mzML	11459	GYAFIEYEHER3	471.88684	GYAFIEYEHER	GYAFIEYEHER	3	0.0015527950310559
Substrate_comp_Rapid_Method_Polypropylenechip_3c.mzML	17176	VTILELFR2	495.80392	VTILELFR	VTILELFR	2	0.0015527950310559
Substrate_comp_Rapid_Method_Polypropylenechip_3c.mzML	4613	SMNSALGK2	404.2054	SMNSALGK	SMNSALGK	2	0.0015527950310559
Substrate_comp_Rapid_Method_Polypropylenechip_3c.mzML	14577	GNPTVEVDLYTAK2	703.8621	GNPTVEVDLYTAK	GNPTVEVDLYTAK	2	0.0015527950310559
Substrate_comp_Rapid_Method_Polypropylenechip_3c.mzML	6784	ELEQLGR2	422.73053	ELEQLGR	ELEQLGR	2	0.0015527950310559
Substrate_comp_Rapid_Method_Polypropylenechip_3c.mzML	12136	FPGQLNADLR2	565.80084	FPGQLNADLR	FPGQLNADLR	2	0.0015527950310559
Substrate_comp_Rapid_Method_Polypropylenechip_3c.mzML	15646	VTTMDAELEFAIQPNTTGK2	1033.5096	VTTMDAELEFAIQPNTTGK	VTTMDAELEFAIQPNTTGK	2	0.0015527950310559
Substrate_comp_Rapid_Method_Polypropylenechip_3c.mzML	16547	TFSHELSDFGLESTAGEIPVVAIR3	859.1085	TFSHELSDFGLESTAGEIPVVAIR	TFSHELSDFGLESTAGEIPVVAIR	3	0.0015527950310559
Substrate_comp_Rapid_Method_Polypropylenechip_3c.mzML	14223	VTTM[15.99]DAELEFAIQPNTTGK3	694.6731	VTTMDAELEFAIQPNTTGK	VTTM[15.99]DAELEFAIQPNTTGK	3	0.0015527950310559
Substrate_comp_Rapid_Method_Polypropylenechip_3c.mzML	7638	AQMVQEDLEK2	596.28015	AQMVQEDLEK	AQMVQEDLEK	2	0.0015527950310559
Substrate_comp_Rapid_Method_Polypropylenechip_3c.mzML	12208	LSFSGLR2	390.2243	LSFSGLR	LSFSGLR	2	0.0015527950310559
Substrate_comp_Rapid_Method_Polypropylenechip_3c.mzML	8588	LLLDQEQK2	493.78003	LLLDQEQK	LLLDQEQK	2	0.0015527950310559
Substrate_comp_Rapid_Method_Polypropylenechip_3c.mzML	13528	IMNTFSVVPSPK2	660.35486	IMNTFSVVPSPK	IMNTFSVVPSPK	2	0.0015527950310559
Substrate_comp_Rapid_Method_Polypropylenechip_3c.mzML	11625	YYTSASGDEMVSLK2	775.85535	YYTSASGDEMVSLK	YYTSASGDEMVSLK	2	0.0015527950310559
Substrate_comp_Rapid_Method_Polypropylenechip_3c.mzML	7358	KENPLQFK2	502.2837	KENPLQFK	KENPLQFK	2	0.0015527950310559
Substrate_comp_Rapid_Method_Polypropylenechip_3c.mzML	9783	IHFNPPLPMMR3	451.57385	IHFNPPLPMMR	IHFNPPLPMMR	3	0.0015527950310559
Substrate_comp_Rapid_Method_Polypropylenechip_3c.mzML	7085	SEPIPESNDGPVK2	684.83496	SEPIPESNDGPVK	SEPIPESNDGPVK	2	0.0015527950310559
Substrate_comp_Rapid_Method_Polypropylenechip_3c.mzML	12540	ISEQFTAM[15.99]FR2	623.3007	ISEQFTAMFR	ISEQFTAM[15.99]FR	2	0.0015527950310559
Substrate_comp_Rapid_Method_Polypropylenechip_3c.mzML	2808	DKQPYEQK2	518.25867	DKQPYEQK	DKQPYEQK	2	0.0015527950310559
Substrate_comp_Rapid_Method_Polypropylenechip_3c.mzML	7835	HAASTVQILGAEK3	442.24506	HAASTVQILGAEK	HAASTVQILGAEK	3	0.0015527950310559
Substrate_comp_Rapid_Method_Polypropylenechip_3c.mzML	3065	SQGAALDK2	395.2088	SQGAALDK	SQGAALDK	2	0.0015527950310559
Substrate_comp_Rapid_Method_Polypropylenechip_3c.mzML	7137	TKPIWTR2	451.2662	TKPIWTR	TKPIWTR	2	0.0015527950310559
Substrate_comp_Rapid_Method_Polypropylenechip_3c.mzML	7535	GTEITHAVVIK2	584.34076	GTEITHAVVIK	GTEITHAVVIK	2	0.0015527950310559
Substrate_comp_Rapid_Method_Polypropylenechip_3c.mzML	12316	FPGQLNADLR2	565.8005	FPGQLNADLR	FPGQLNADLR	2	0.0015527950310559
Substrate_comp_Rapid_Method_Polypropylenechip_3c.mzML	16313	TQEQLALEMAELTAR2	852.4345	TQEQLALEMAELTAR	TQEQLALEMAELTAR	2	0.0015527950310559
Substrate_comp_Rapid_Method_Polypropylenechip_3c.mzML	2991	QVAEEAAR2	437.22437	QVAEEAAR	QVAEEAAR	2	0.0015527950310559
Substrate_comp_Rapid_Method_Polypropylenechip_3c.mzML	13899	AQAEAQQPTFDALRDELR3	687.01294	AQAEAQQPTFDALRDELR	AQAEAQQPTFDALRDELR	3	0.0015527950310559
Substrate_comp_Rapid_Method_Polypropylenechip_3c.mzML	7145	VQMEELSK2	482.24393	VQMEELSK	VQMEELSK	2	0.0015527950310559
Substrate_comp_Rapid_Method_Polypropylenechip_3c.mzML	3786	TVAYTEQK2	470.24246	TVAYTEQK	TVAYTEQK	2	0.0015527950310559
Substrate_comp_Rapid_Method_Polypropylenechip_3c.mzML	13404	LSIYNALK2	461.27316	LSIYNALK	LSIYNALK	2	0.0015527950310559
Substrate_comp_Rapid_Method_Polypropylenechip_3c.mzML	12228	LKNELLEIKR3	419.59415	LKNELLEIKR	LKNELLEIKR	3	0.0015527950310559
Substrate_comp_Rapid_Method_Polypropylenechip_3c.mzML	4940	LQLEETDHQK3	414.21057	LQLEETDHQK	LQLEETDHQK	3	0.0015527950310559
Substrate_comp_Rapid_Method_Polypropylenechip_3c.mzML	13134	TGDFQLHTNVNDGTEFGGSIYQK3	843.3926	TGDFQLHTNVNDGTEFGGSIYQK	TGDFQLHTNVNDGTEFGGSIYQK	3	0.0015527950310559
Substrate_comp_Rapid_Method_Polypropylenechip_3c.mzML	13578	SYDVPPPPMEPDHPFYSNISK3	806.37616	SYDVPPPPMEPDHPFYSNISK	SYDVPPPPMEPDHPFYSNISK	3	0.0015527950310559
Substrate_comp_Rapid_Method_Polypropylenechip_3c.mzML	6114	DGEEAGAYDGPR2	618.7599	DGEEAGAYDGPR	DGEEAGAYDGPR	2	0.0015527950310559
Substrate_comp_Rapid_Method_Polypropylenechip_3c.mzML	3127	M[15.99]QAVQEATR2	525.762	MQAVQEATR	M[15.99]QAVQEATR	2	0.0015527950310559
Substrate_comp_Rapid_Method_Polypropylenechip_3c.mzML	6257	QAEVELASR2	501.76447	QAEVELASR	QAEVELASR	2	0.0015527950310559
Substrate_comp_Rapid_Method_Polypropylenechip_3c.mzML	5928	MSAAQALK2	410.22275	MSAAQALK	MSAAQALK	2	0.0015527950310559
Substrate_comp_Rapid_Method_Polypropylenechip_3c.mzML	10831	LKNELLEIKR3	419.59424	LKNELLEIKR	LKNELLEIKR	3	0.0015527950310559
Substrate_comp_Rapid_Method_Polypropylenechip_3c.mzML	2873	AAEEAEEAR2	488.2221	AAEEAEEAR	AAEEAEEAR	2	0.0015527950310559
Substrate_comp_Rapid_Method_Polypropylenechip_3c.mzML	14188	QYLHLPPEIVPASLQR3	621.3506	QYLHLPPEIVPASLQR	QYLHLPPEIVPASLQR	3	0.0015527950310559
Substrate_comp_Rapid_Method_Polypropylenechip_3c.mzML	12373	LKNELLEIKR3	419.5943	LKNELLEIKR	LKNELLEIKR	3	0.0015527950310559
Substrate_comp_Rapid_Method_Polypropylenechip_3c.mzML	8428	QSTDEEVTSLAK2	654.3202	QSTDEEVTSLAK	QSTDEEVTSLAK	2	0.0015527950310559
Substrate_comp_Rapid_Method_Polypropylenechip_3c.mzML	12969	AGLQFPVGR2	473.26248	AGLQFPVGR	AGLQFPVGR	2	0.0015527950310559
Substrate_comp_Rapid_Method_Polypropylenechip_3c.mzML	16909	LKNELLEIKR3	419.59494	LKNELLEIKR	LKNELLEIKR	3	0.0015527950310559
Substrate_comp_Rapid_Method_Polypropylenechip_3c.mzML	11078	LISLFQAMK2	525.80115	LISLFQAMK	LISLFQAMK	2	0.0015527950310559
Substrate_comp_Rapid_Method_Polypropylenechip_3c.mzML	6848	IDNLDVNR2	479.7523	IDNLDVNR	IDNLDVNR	2	0.0015527950310559
Substrate_comp_Rapid_Method_Polypropylenechip_3c.mzML	11805	LKNELLEIKR3	419.59357	LKNELLEIKR	LKNELLEIKR	3	0.0015527950310559
Substrate_comp_Rapid_Method_Polypropylenechip_3c.mzML	12305	SYDVPPPPM[15.99]EPDHPFYSNISK3	811.7058	SYDVPPPPMEPDHPFYSNISK	SYDVPPPPM[15.99]EPDHPFYSNISK	3	0.0015527950310559
Substrate_comp_Rapid_Method_Polypropylenechip_3c.mzML	7246	FNQTYQLAHGTAEEK3	579.6146	FNQTYQLAHGTAEEK	FNQTYQLAHGTAEEK	3	0.0015527950310559
Substrate_comp_Rapid_Method_Polypropylenechip_3c.mzML	3299	RDSVLTSK2	453.25607	RDSVLTSK	RDSVLTSK	2	0.0015527950310559
Substrate_comp_Rapid_Method_Polypropylenechip_3c.mzML	11425	IALLEEAK2	443.76645	IALLEEAK	IALLEEAK	2	0.0015527950310559
Substrate_comp_Rapid_Method_Polypropylenechip_3c.mzML	15648	VTTMDAELEFAIQPNTTGK3	689.3422	VTTMDAELEFAIQPNTTGK	VTTMDAELEFAIQPNTTGK	3	0.0015527950310559
Substrate_comp_Rapid_Method_Polypropylenechip_3c.mzML	11517	RSIQEELQQLR2	700.38086	RSIQEELQQLR	RSIQEELQQLR	2	0.0015527950310559
Substrate_comp_Rapid_Method_Polypropylenechip_3c.mzML	10077	LPVEVAYK2	459.76895	LPVEVAYK	LPVEVAYK	2	0.0015527950310559
Substrate_comp_Rapid_Method_Polypropylenechip_3c.mzML	12295	SYDVPPPPM[15.99]EPDHPFYSNISK3	812.04175	SYDVPPPPMEPDHPFYSNISK	SYDVPPPPM[15.99]EPDHPFYSNISK	3	0.0015527950310559
Substrate_comp_Rapid_Method_Polypropylenechip_3c.mzML	5484	IETNENNLESAK2	681.3317	IETNENNLESAK	IETNENNLESAK	2	0.0015527950310559
Substrate_comp_Rapid_Method_Polypropylenechip_3c.mzML	2792	QVEEAER2	430.70905	QVEEAER	QVEEAER	2	0.0015527950310559
Substrate_comp_Rapid_Method_Polypropylenechip_3c.mzML	12956	LKNELLEIKR3	419.59467	LKNELLEIKR	LKNELLEIKR	3	0.0015527950310559
Substrate_comp_Rapid_Method_Polypropylenechip_3c.mzML	8860	RTNSTFNQVVLK3	469.59647	RTNSTFNQVVLK	RTNSTFNQVVLK	3	0.0015527950310559
Substrate_comp_Rapid_Method_Polypropylenechip_3c.mzML	12835	LEDLLQDAQDEK2	708.84607	LEDLLQDAQDEK	LEDLLQDAQDEK	2	0.0015527950310559
Substrate_comp_Rapid_Method_Polypropylenechip_3c.mzML	18916	TLWTVLDAIDQMWLPVVR3	719.39014	TLWTVLDAIDQMWLPVVR	TLWTVLDAIDQMWLPVVR	3	0.0015527950310559
Substrate_comp_Rapid_Method_Polypropylenechip_3c.mzML	10973	LKNELLEIKR3	419.59445	LKNELLEIKR	LKNELLEIKR	3	0.0015527950310559
Substrate_comp_Rapid_Method_Polypropylenechip_3c.mzML	8840	HGVFLVR2	415.2482	HGVFLVR	HGVFLVR	2	0.0015527950310559
Substrate_comp_Rapid_Method_Polypropylenechip_3c.mzML	4031	KTANDMIHAENM[15.99]R3	516.2421	KTANDMIHAENMR	KTANDMIHAENM[15.99]R	3	0.0015527950310559
Substrate_comp_Rapid_Method_Polypropylenechip_3c.mzML	7224	LSKDPNIVIAK3	399.91205	LSKDPNIVIAK	LSKDPNIVIAK	3	0.0015527950310559
Substrate_comp_Rapid_Method_Polypropylenechip_3c.mzML	12755	MGIVGPEFK2	489.2602	MGIVGPEFK	MGIVGPEFK	2	0.0015527950310559
Substrate_comp_Rapid_Method_Polypropylenechip_3c.mzML	16449	IISLETYNLLR2	667.8887	IISLETYNLLR	IISLETYNLLR	2	0.0015527950310559
Substrate_comp_Rapid_Method_Polypropylenechip_3c.mzML	2791	QIEEQTK2	438.2268	QIEEQTK	QIEEQTK	2	0.0015527950310559
Substrate_comp_Rapid_Method_Polypropylenechip_3c.mzML	6680	RQQEELLAEENQR3	548.27997	RQQEELLAEENQR	RQQEELLAEENQR	3	0.0015527950310559
Substrate_comp_Rapid_Method_Polypropylenechip_3c.mzML	13222	LAVNM[15.99]VPFPR2	580.31793	LAVNMVPFPR	LAVNM[15.99]VPFPR	2	0.0015527950310559
Substrate_comp_Rapid_Method_Polypropylenechip_3c.mzML	9907	FPGQLNADLRK3	420.23547	FPGQLNADLRK	FPGQLNADLRK	3	0.0015527950310559
Substrate_comp_Rapid_Method_Polypropylenechip_3c.mzML	3319	HPQGEQMYR3	383.18042	HPQGEQMYR	HPQGEQMYR	3	0.0015527950310559
Substrate_comp_Rapid_Method_Polypropylenechip_3c.mzML	14037	RQEQIQAMPLADSQAVR3	648.33026	RQEQIQAMPLADSQAVR	RQEQIQAMPLADSQAVR	3	0.0015527950310559
Substrate_comp_Rapid_Method_Polypropylenechip_3c.mzML	11253	LKNELLEIKR3	419.5946	LKNELLEIKR	LKNELLEIKR	3	0.0015527950310559
Substrate_comp_Rapid_Method_Polypropylenechip_3c.mzML	11523	LKNELLEIKR3	419.59454	LKNELLEIKR	LKNELLEIKR	3	0.0015527950310559
Substrate_comp_Rapid_Method_Polypropylenechip_3c.mzML	13130	LKNELLEIKR3	419.92767	LKNELLEIKR	LKNELLEIKR	3	0.0015527950310559
Substrate_comp_Rapid_Method_Polypropylenechip_3c.mzML	9815	EVDEQMLNVQNK2	723.8508	EVDEQMLNVQNK	EVDEQMLNVQNK	2	0.0015527950310559
Substrate_comp_Rapid_Method_Polypropylenechip_3c.mzML	11946	LKNELLEIKR3	419.59412	LKNELLEIKR	LKNELLEIKR	3	0.0015527950310559
Substrate_comp_Rapid_Method_Polypropylenechip_3c.mzML	16006	LKNELLEIKR3	419.595	LKNELLEIKR	LKNELLEIKR	3	0.0015527950310559
Substrate_comp_Rapid_Method_Polypropylenechip_3c.mzML	4321	LGGGLGGTR2	395.22714	LGGGLGGTR	LGGGLGGTR	2	0.0015527950310559
Substrate_comp_Rapid_Method_Polypropylenechip_3c.mzML	12088	LKNELLEIKR3	419.59406	LKNELLEIKR	LKNELLEIKR	3	0.0015527950310559
Substrate_comp_Rapid_Method_Polypropylenechip_3c.mzML	18915	TLWTVLDAIDQMWLPVVR2	1078.5817	TLWTVLDAIDQMWLPVVR	TLWTVLDAIDQMWLPVVR	2	0.0015527950310559
Substrate_comp_Rapid_Method_Polypropylenechip_3c.mzML	13890	VYTDVQQVASSLTHPR3	600.9803	VYTDVQQVASSLTHPR	VYTDVQQVASSLTHPR	3	0.0015527950310559
Substrate_comp_Rapid_Method_Polypropylenechip_3c.mzML	11574	FASFIDK2	414.21838	FASFIDK	FASFIDK	2	0.0015527950310559
Substrate_comp_Rapid_Method_Polypropylenechip_3c.mzML	16529	DPYTGQSVSLFQALK2	827.42957	DPYTGQSVSLFQALK	DPYTGQSVSLFQALK	2	0.0015527950310559
Substrate_comp_Rapid_Method_Polypropylenechip_3c.mzML	12402	TPAGNFVTLEEGK2	681.8489	TPAGNFVTLEEGK	TPAGNFVTLEEGK	2	0.0015527950310559
Substrate_comp_Rapid_Method_Polypropylenechip_3c.mzML	13027	HNDDEQYAWESSAGGSFTVR3	752.6586	HNDDEQYAWESSAGGSFTVR	HNDDEQYAWESSAGGSFTVR	3	0.0015527950310559
Substrate_comp_Rapid_Method_Polypropylenechip_3c.mzML	11114	LKNELLEIKR3	419.5943	LKNELLEIKR	LKNELLEIKR	3	0.0015527950310559
Substrate_comp_Rapid_Method_Polypropylenechip_3c.mzML	5081	MQEEVVR2	445.7244	MQEEVVR	MQEEVVR	2	0.0015527950310559
Substrate_comp_Rapid_Method_Polypropylenechip_3c.mzML	15563	QTNLENLDQAFSVAER2	917.9491	QTNLENLDQAFSVAER	QTNLENLDQAFSVAER	2	0.0015527950310559
Substrate_comp_Rapid_Method_Polypropylenechip_3c.mzML	14309	GVVDSEDLPLNISR2	757.3944	GVVDSEDLPLNISR	GVVDSEDLPLNISR	2	0.0015527950310559
Substrate_comp_Rapid_Method_Polypropylenechip_3c.mzML	9161	VQEQVHTLLSQDQAQAAR3	674.6832	VQEQVHTLLSQDQAQAAR	VQEQVHTLLSQDQAQAAR	3	0.0015527950310559
Substrate_comp_Rapid_Method_Polypropylenechip_3c.mzML	13750	LKNELLEIKR3	419.59473	LKNELLEIKR	LKNELLEIKR	3	0.0015527950310559
Substrate_comp_Rapid_Method_Polypropylenechip_3c.mzML	5852	RALELEQER3	381.87512	RALELEQER	RALELEQER	3	0.0015527950310559
Substrate_comp_Rapid_Method_Polypropylenechip_3c.mzML	12668	LKNELLEIKR3	419.5935	LKNELLEIKR	LKNELLEIKR	3	0.0015527950310559
Substrate_comp_Rapid_Method_Polypropylenechip_3c.mzML	6723	ANELQLR2	422.23914	ANELQLR	ANELQLR	2	0.0015527950310559
Substrate_comp_Rapid_Method_Polypropylenechip_3c.mzML	7724	ANELQLR2	422.2382	ANELQLR	ANELQLR	2	0.0015527950310559
Substrate_comp_Rapid_Method_Polypropylenechip_3c.mzML	14411	LALDM[15.99]EIATYR2	656.3337	LALDMEIATYR	LALDM[15.99]EIATYR	2	0.0015527950310559
Substrate_comp_Rapid_Method_Polypropylenechip_3c.mzML	9828	LEATLQEEAAIQQEHR3	622.6517	LEATLQEEAAIQQEHR	LEATLQEEAAIQQEHR	3	0.0015527950310559
Substrate_comp_Rapid_Method_Polypropylenechip_3c.mzML	14518	ALLFVPR2	408.26044	ALLFVPR	ALLFVPR	2	0.0015527950310559
Substrate_comp_Rapid_Method_Polypropylenechip_3c.mzML	4003	NPQNSSQSADGLR2	687.3245	NPQNSSQSADGLR	NPQNSSQSADGLR	2	0.0015527950310559
Substrate_comp_Rapid_Method_Polypropylenechip_3c.mzML	12843	IQIWDTAGQER2	658.8327	IQIWDTAGQER	IQIWDTAGQER	2	0.0015527950310559
Substrate_comp_Rapid_Method_Polypropylenechip_3c.mzML	15321	ISEQFTAMFR2	615.304	ISEQFTAMFR	ISEQFTAMFR	2	0.0015527950310559
Substrate_comp_Rapid_Method_Polypropylenechip_3c.mzML	6798	MNTVLSR2	410.72186	MNTVLSR	MNTVLSR	2	0.0015527950310559
Substrate_comp_Rapid_Method_Polypropylenechip_3c.mzML	3594	DHYEATAMHR3	410.84958	DHYEATAMHR	DHYEATAMHR	3	0.0015527950310559
Substrate_comp_Rapid_Method_Polypropylenechip_3c.mzML	12513	LKNELLEIKR3	419.59448	LKNELLEIKR	LKNELLEIKR	3	0.0015527950310559
Substrate_comp_Rapid_Method_Polypropylenechip_3c.mzML	5088	QIEEQTIK2	494.76913	QIEEQTIK	QIEEQTIK	2	0.0015527950310559
Substrate_comp_Rapid_Method_Polypropylenechip_3c.mzML	14955	GVDIVMDPLGGSDTAK2	787.89465	GVDIVMDPLGGSDTAK	GVDIVMDPLGGSDTAK	2	0.0015527950310559
Substrate_comp_Rapid_Method_Polypropylenechip_3c.mzML	2775	VEEEEEEK2	510.72208	VEEEEEEK	VEEEEEEK	2	0.0015527950310559
Substrate_comp_Rapid_Method_Polypropylenechip_3c.mzML	10809	QQLQQVPGLLHR3	472.94003	QQLQQVPGLLHR	QQLQQVPGLLHR	3	0.0015527950310559
Substrate_comp_Rapid_Method_Polypropylenechip_3c.mzML	13606	LKNELLEIKR3	419.5943	LKNELLEIKR	LKNELLEIKR	3	0.0015527950310559
Substrate_comp_Rapid_Method_Polypropylenechip_3c.mzML	11912	AVLVDLEPGTMDSVR2	802.4131	AVLVDLEPGTMDSVR	AVLVDLEPGTMDSVR	2	0.0015527950310559
Substrate_comp_Rapid_Method_Polypropylenechip_3c.mzML	16204	QFGM[15.99]MQSQIGYDILAEDTITALLHNNR3	1033.173	QFGMMQSQIGYDILAEDTITALLHNNR	QFGM[15.99]MQSQIGYDILAEDTITALLHNNR	3	0.0015527950310559
Substrate_comp_Rapid_Method_Polypropylenechip_3c.mzML	11393	LKNELLEIKR3	419.59464	LKNELLEIKR	LKNELLEIKR	3	0.0015527950310559
Substrate_comp_Rapid_Method_Polypropylenechip_3c.mzML	7125	EQFLQQK2	460.74594	EQFLQQK	EQFLQQK	2	0.0015527950310559
Substrate_comp_Rapid_Method_Polypropylenechip_3c.mzML	17276	SPPTVLVIC[57.02]GPGNNGGDGLVC[57.02]AR3	771.3915	SPPTVLVICGPGNNGGDGLVCAR	SPPTVLVIC[57.02]GPGNNGGDGLVC[57.02]AR	3	0.0015527950310559
Substrate_comp_Rapid_Method_Polypropylenechip_3c.mzML	9673	VASLEESEGNKQDLK3	549.6207	VASLEESEGNKQDLK	VASLEESEGNKQDLK	3	0.0015527950310559
Substrate_comp_Rapid_Method_Polypropylenechip_3c.mzML	8514	KLSELLR2	429.77402	KLSELLR	KLSELLR	2	0.0015527950310559
Substrate_comp_Rapid_Method_Polypropylenechip_3c.mzML	14797	LKNELLEIKR3	419.59497	LKNELLEIKR	LKNELLEIKR	3	0.0015527950310559
Substrate_comp_Rapid_Method_Polypropylenechip_3c.mzML	8272	IDDLFSGK2	448.23502	IDDLFSGK	IDDLFSGK	2	0.0015527950310559
Substrate_comp_Rapid_Method_Polypropylenechip_3c.mzML	13935	FNQTYQLAHGTAEEKMPVWYIMDEFGSR3	1116.8715	FNQTYQLAHGTAEEKMPVWYIMDEFGSR	FNQTYQLAHGTAEEKMPVWYIMDEFGSR	3	0.0015527950310559
Substrate_comp_Rapid_Method_Polypropylenechip_3c.mzML	14024	LLLIGDSGVGK2	536.32416	LLLIGDSGVGK	LLLIGDSGVGK	2	0.0015527950310559
Substrate_comp_Rapid_Method_Polypropylenechip_3c.mzML	3858	AHAFAVQQK2	500.27167	AHAFAVQQK	AHAFAVQQK	2	0.0015527950310559
Substrate_comp_Rapid_Method_Polypropylenechip_3c.mzML	13581	ILHGSVGYLTPR3	438.91873	ILHGSVGYLTPR	ILHGSVGYLTPR	3	0.0015527950310559
Substrate_comp_Rapid_Method_Polypropylenechip_3c.mzML	18554	LKNELLEIKR3	419.59488	LKNELLEIKR	LKNELLEIKR	3	0.0015527950310559
Substrate_comp_Rapid_Method_Polypropylenechip_3c.mzML	3330	ELEEQTR2	452.72235	ELEEQTR	ELEEQTR	2	0.0015527950310559
Substrate_comp_Rapid_Method_Polypropylenechip_3c.mzML	11166	DAHNALLDIQSSGR3	500.2607	DAHNALLDIQSSGR	DAHNALLDIQSSGR	3	0.0015527950310559
Substrate_comp_Rapid_Method_Polypropylenechip_3c.mzML	2354	RQHEAEEGVR3	404.2021	RQHEAEEGVR	RQHEAEEGVR	3	0.0015527950310559
Substrate_comp_Rapid_Method_Polypropylenechip_3c.mzML	10343	RLAPEYEAAATR3	450.573	RLAPEYEAAATR	RLAPEYEAAATR	3	0.0015527950310559
Substrate_comp_Rapid_Method_Polypropylenechip_3c.mzML	2895	GGADVNIR2	401.21387	GGADVNIR	GGADVNIR	2	0.0015527950310559
Substrate_comp_Rapid_Method_Polypropylenechip_3c.mzML	3867	DDPSTIEK2	452.71616	DDPSTIEK	DDPSTIEK	2	0.0015527950310559
Substrate_comp_Rapid_Method_Polypropylenechip_3c.mzML	5906	LAAIGEATR2	451.25238	LAAIGEATR	LAAIGEATR	2	0.0015527950310559
Substrate_comp_Rapid_Method_Polypropylenechip_3c.mzML	10618	NGGGVGDILR2	480.2711	NGGGVGDILR	NGGGVGDILR	2	0.0015527950310559
Substrate_comp_Rapid_Method_Polypropylenechip_3c.mzML	14145	YFLQGM[15.99]GYIPSASMTR3	613.9724	YFLQGMGYIPSASMTR	YFLQGM[15.99]GYIPSASMTR	3	0.0015527950310559
Substrate_comp_Rapid_Method_Polypropylenechip_3c.mzML	3300	TEEDSEEVR2	547.23596	TEEDSEEVR	TEEDSEEVR	2	0.0015527950310559
Substrate_comp_Rapid_Method_Polypropylenechip_3c.mzML	13988	LKNELLEIKR3	419.59402	LKNELLEIKR	LKNELLEIKR	3	0.0015527950310559
Substrate_comp_Rapid_Method_Polypropylenechip_3c.mzML	14409	KPM[15.99]GPAHWEKIEAINQAIANEYEVRR4	767.37976	KPMGPAHWEKIEAINQAIANEYEVRR	KPM[15.99]GPAHWEKIEAINQAIANEYEVRR	4	0.0015527950310559
Substrate_comp_Rapid_Method_Polypropylenechip_3c.mzML	13459	LKNELLEIKR3	419.59424	LKNELLEIKR	LKNELLEIKR	3	0.0015527950310559
Substrate_comp_Rapid_Method_Polypropylenechip_3c.mzML	3524	KLSSAMSAAK2	497.27417	KLSSAMSAAK	KLSSAMSAAK	2	0.0015527950310559
Substrate_comp_Rapid_Method_Polypropylenechip_3c.mzML	13308	LKNELLEIK2	550.8364	LKNELLEIK	LKNELLEIK	2	0.0015527950310559
Substrate_comp_Rapid_Method_Polypropylenechip_3c.mzML	14481	IPVM[15.99]ALVGNDAGWTQISR3	648.6634	IPVMALVGNDAGWTQISR	IPVM[15.99]ALVGNDAGWTQISR	3	0.0015527950310559
Substrate_comp_Rapid_Method_Polypropylenechip_3c.mzML	3870	VNGEDPYPHK3	385.85925	VNGEDPYPHK	VNGEDPYPHK	3	0.0015527950310559
Substrate_comp_Rapid_Method_Polypropylenechip_3c.mzML	15801	ASWTWGPEGQGAILLVNC[57.02]DRETPWLPK4	771.6372	ASWTWGPEGQGAILLVNCDRETPWLPK	ASWTWGPEGQGAILLVNC[57.02]DRETPWLPK	4	0.0015527950310559
Substrate_comp_Rapid_Method_Polypropylenechip_3c.mzML	16487	FGAFHSPALEDADFDGKPM[15.99]VLVAGQYSTGK3	1057.8428	FGAFHSPALEDADFDGKPMVLVAGQYSTGK	FGAFHSPALEDADFDGKPM[15.99]VLVAGQYSTGK	3	0.0015527950310559
Substrate_comp_Rapid_Method_Polypropylenechip_3c.mzML	15520	ASWTWGPEGQGAILLVNC[57.02]DRETPWLPK4	771.6362	ASWTWGPEGQGAILLVNCDRETPWLPK	ASWTWGPEGQGAILLVNC[57.02]DRETPWLPK	4	0.0015527950310559
Substrate_comp_Rapid_Method_Polypropylenechip_3c.mzML	12247	NRHEIAVMLLEGGANPDAK3	679.0193	NRHEIAVMLLEGGANPDAK	NRHEIAVMLLEGGANPDAK	3	0.0015527950310559
Substrate_comp_Rapid_Method_Polypropylenechip_3c.mzML	6363	LSNVNLQEK2	523.28564	LSNVNLQEK	LSNVNLQEK	2	0.0015527950310559
Substrate_comp_Rapid_Method_Polypropylenechip_3c.mzML	7746	VIQEIVDK2	472.27716	VIQEIVDK	VIQEIVDK	2	0.0015527950310559
Substrate_comp_Rapid_Method_Polypropylenechip_3c.mzML	6568	EVDEQM[15.99]LNVQNK2	731.84534	EVDEQMLNVQNK	EVDEQM[15.99]LNVQNK	2	0.0015527950310559
Substrate_comp_Rapid_Method_Polypropylenechip_3c.mzML	15967	SLAAALAQHSVPLQLELR3	640.36365	SLAAALAQHSVPLQLELR	SLAAALAQHSVPLQLELR	3	0.0015527950310559
Substrate_comp_Rapid_Method_Polypropylenechip_3c.mzML	15822	LGFHLPLEVAYQR2	771.92737	LGFHLPLEVAYQR	LGFHLPLEVAYQR	2	0.0015527950310559
Substrate_comp_Rapid_Method_Polypropylenechip_3c.mzML	16377	AYSDPSTGEPATYGELQQR3	690.6574	AYSDPSTGEPATYGELQQR	AYSDPSTGEPATYGELQQR	3	0.0015527950310559
Substrate_comp_Rapid_Method_Polypropylenechip_3c.mzML	3021	TEEEFKK2	455.72882	TEEEFKK	TEEEFKK	2	0.0015527950310559
Substrate_comp_Rapid_Method_Polypropylenechip_3c.mzML	15634	LALDMEIATYR2	648.3378	LALDMEIATYR	LALDMEIATYR	2	0.0015527950310559
Substrate_comp_Rapid_Method_Polypropylenechip_3c.mzML	11613	ADM[15.99]VETQQLMR2	669.3159	ADMVETQQLMR	ADM[15.99]VETQQLMR	2	0.0015527950310559
Substrate_comp_Rapid_Method_Polypropylenechip_3c.mzML	12375	GVSSQETAGIGASAHLVNFK3	658.34174	GVSSQETAGIGASAHLVNFK	GVSSQETAGIGASAHLVNFK	3	0.0015527950310559
Substrate_comp_Rapid_Method_Polypropylenechip_3c.mzML	14115	FIQENIFGIC[57.02]PHM[15.99]TEDNKDLIQGK4	716.84326	FIQENIFGICPHMTEDNKDLIQGK	FIQENIFGIC[57.02]PHM[15.99]TEDNKDLIQGK	4	0.0015527950310559
Substrate_comp_Rapid_Method_Polypropylenechip_3c.mzML	14162	QFYDQALQQAVVDDDANNAK4	564.5211	QFYDQALQQAVVDDDANNAK	QFYDQALQQAVVDDDANNAK	4	0.0015527950310559
Substrate_comp_Rapid_Method_Polypropylenechip_3c.mzML	7022	GLEISGTFTHR3	406.53955	GLEISGTFTHR	GLEISGTFTHR	3	0.0015527950310559
Substrate_comp_Rapid_Method_Polypropylenechip_3c.mzML	12817	LKNELLEIKR3	419.59415	LKNELLEIKR	LKNELLEIKR	3	0.0015527950310559
Substrate_comp_Rapid_Method_Polypropylenechip_3c.mzML	15814	LKNELLEIKR3	419.59473	LKNELLEIKR	LKNELLEIKR	3	0.0015527950310559
Substrate_comp_Rapid_Method_Polypropylenechip_3c.mzML	7668	KFYEQFSK2	538.77454	KFYEQFSK	KFYEQFSK	2	0.0015527950310559
Substrate_comp_Rapid_Method_Polypropylenechip_3c.mzML	5682	KHPDSSVNFAEFSKK4	431.22632	KHPDSSVNFAEFSKK	KHPDSSVNFAEFSKK	4	0.0015527950310559
Substrate_comp_Rapid_Method_Polypropylenechip_3c.mzML	14307	LHFFMPGFAPLTSR3	540.95026	LHFFMPGFAPLTSR	LHFFMPGFAPLTSR	3	0.0015527950310559
Substrate_comp_Rapid_Method_Polypropylenechip_3c.mzML	14058	TTQFSC[57.02]TLGEKFEETTADGRK3	802.70953	TTQFSCTLGEKFEETTADGRK	TTQFSC[57.02]TLGEKFEETTADGRK	3	0.0015527950310559
Substrate_comp_Rapid_Method_Polypropylenechip_3c.mzML	14377	ASWTWGPEGQGAILLVNC[57.02]DRETPWLPK4	771.63556	ASWTWGPEGQGAILLVNCDRETPWLPK	ASWTWGPEGQGAILLVNC[57.02]DRETPWLPK	4	0.0015527950310559
Substrate_comp_Rapid_Method_Polypropylenechip_3c.mzML	2790	AEEQAVR2	401.7062	AEEQAVR	AEEQAVR	2	0.0015527950310559
Substrate_comp_Rapid_Method_Polypropylenechip_3c.mzML	6985	TLTIVDTGIGM[15.99]TK3	455.9155	TLTIVDTGIGMTK	TLTIVDTGIGM[15.99]TK	3	0.0015527950310559
Substrate_comp_Rapid_Method_Polypropylenechip_3c.mzML	7875	ISQLEMAR2	474.25604	ISQLEMAR	ISQLEMAR	2	0.0015527950310559
Substrate_comp_Rapid_Method_Polypropylenechip_3c.mzML	13688	YFLQGM[15.99]GYIPSASM[15.99]TR3	619.29285	YFLQGMGYIPSASMTR	YFLQGM[15.99]GYIPSASM[15.99]TR	3	0.0015527950310559
Substrate_comp_Rapid_Method_Polypropylenechip_3c.mzML	9690	VASLEESEGNKQDLK2	823.9279	VASLEESEGNKQDLK	VASLEESEGNKQDLK	2	0.0015527950310559
Substrate_comp_Rapid_Method_Polypropylenechip_3c.mzML	11248	ELISNSSDALDK2	646.3271	ELISNSSDALDK	ELISNSSDALDK	2	0.0015527950310559
Substrate_comp_Rapid_Method_Polypropylenechip_3c.mzML	3214	VEALEQER2	488.2465	VEALEQER	VEALEQER	2	0.0015527950310559
Substrate_comp_Rapid_Method_Polypropylenechip_3c.mzML	9882	ITDFGLAR2	446.752	ITDFGLAR	ITDFGLAR	2	0.0015527950310559
Substrate_comp_Rapid_Method_Polypropylenechip_3c.mzML	15089	ASWTWGPEGQGAILLVNC[57.02]DRETPWLPK4	771.6364	ASWTWGPEGQGAILLVNCDRETPWLPK	ASWTWGPEGQGAILLVNC[57.02]DRETPWLPK	4	0.0015527950310559
Substrate_comp_Rapid_Method_Polypropylenechip_3c.mzML	15309	EQELQQTLQQEQSVLDQLR3	772.38947	EQELQQTLQQEQSVLDQLR	EQELQQTLQQEQSVLDQLR	3	0.0015527950310559
Substrate_comp_Rapid_Method_Polypropylenechip_3c.mzML	2321	LAAIGEATR2	451.2528	LAAIGEATR	LAAIGEATR	2	0.0015527950310559
Substrate_comp_Rapid_Method_Polypropylenechip_3c.mzML	16582	LDNLM[15.99]LELDGTENK2	811.38763	LDNLMLELDGTENK	LDNLM[15.99]LELDGTENK	2	0.0015527950310559
Substrate_comp_Rapid_Method_Polypropylenechip_3c.mzML	10668	SLQEEHVAVAQLR3	494.60593	SLQEEHVAVAQLR	SLQEEHVAVAQLR	3	0.0015527950310559
Substrate_comp_Rapid_Method_Polypropylenechip_3c.mzML	10854	LKNELLEIKR2	628.88763	LKNELLEIKR	LKNELLEIKR	2	0.0015527950310559
Substrate_comp_Rapid_Method_Polypropylenechip_3c.mzML	15229	ASWTWGPEGQGAILLVNC[57.02]DRETPWLPK4	771.63684	ASWTWGPEGQGAILLVNCDRETPWLPK	ASWTWGPEGQGAILLVNC[57.02]DRETPWLPK	4	0.0015527950310559
Substrate_comp_Rapid_Method_Polypropylenechip_3c.mzML	13884	ASWTWGPEGQGAILLVNC[57.02]DRETPWLPK4	771.1324	ASWTWGPEGQGAILLVNCDRETPWLPK	ASWTWGPEGQGAILLVNC[57.02]DRETPWLPK	4	0.0015527950310559
Substrate_comp_Rapid_Method_Polypropylenechip_3c.mzML	5524	SAEAELQSKR2	560.80426	SAEAELQSKR	SAEAELQSKR	2	0.0015527950310559
Substrate_comp_Rapid_Method_Polypropylenechip_3c.mzML	15369	ASWTWGPEGQGAILLVNC[57.02]DRETPWLPK4	771.6363	ASWTWGPEGQGAILLVNCDRETPWLPK	ASWTWGPEGQGAILLVNC[57.02]DRETPWLPK	4	0.0015527950310559
Substrate_comp_Rapid_Method_Polypropylenechip_3c.mzML	14092	ASWTWGPEGQGAILLVNC[57.02]DRETPWLPK4	771.13214	ASWTWGPEGQGAILLVNCDRETPWLPK	ASWTWGPEGQGAILLVNC[57.02]DRETPWLPK	4	0.0015527950310559
Substrate_comp_Rapid_Method_Polypropylenechip_3c.mzML	13925	FLQDYFDGNLKR3	505.92435	FLQDYFDGNLKR	FLQDYFDGNLKR	3	0.0015527950310559
Substrate_comp_Rapid_Method_Polypropylenechip_3c.mzML	16309	AALYGIHDIFFVMDAAER3	680.34094	AALYGIHDIFFVMDAAER	AALYGIHDIFFVMDAAER	3	0.0015527950310559
Substrate_comp_Rapid_Method_Polypropylenechip_3c.mzML	15239	GFFDPNTHENLTYR3	571.6005	GFFDPNTHENLTYR	GFFDPNTHENLTYR	3	0.0015527950310559
Substrate_comp_Rapid_Method_Polypropylenechip_3c.mzML	8664	LEPYADQLR2	552.793	LEPYADQLR	LEPYADQLR	2	0.0015527950310559
Substrate_comp_Rapid_Method_Polypropylenechip_3c.mzML	17429	LKNELLEIKR3	419.5942	LKNELLEIKR	LKNELLEIKR	3	0.0015527950310559
Substrate_comp_Rapid_Method_Polypropylenechip_3c.mzML	3472	KFLDAGHK2	458.75885	KFLDAGHK	KFLDAGHK	2	0.0015527950310559
Substrate_comp_Rapid_Method_Polypropylenechip_3c.mzML	13399	KAPDFVFYAPR2	656.3551	KAPDFVFYAPR	KAPDFVFYAPR	2	0.0015527950310559
Substrate_comp_Rapid_Method_Polypropylenechip_3c.mzML	7148	ALGEGAELGAR2	523.285	ALGEGAELGAR	ALGEGAELGAR	2	0.0015527950310559
Substrate_comp_Rapid_Method_Polypropylenechip_3c.mzML	12301	RVLVDVER2	493.28613	RVLVDVER	RVLVDVER	2	0.0015527950310559
Substrate_comp_Rapid_Method_Polypropylenechip_3c.mzML	16660	ASWTWGPEGQGAILLVNC[57.02]DRETPWLPK4	771.6362	ASWTWGPEGQGAILLVNCDRETPWLPK	ASWTWGPEGQGAILLVNC[57.02]DRETPWLPK	4	0.0015527950310559
Substrate_comp_Rapid_Method_Polypropylenechip_3c.mzML	15942	ASWTWGPEGQGAILLVNC[57.02]DRETPWLPK4	771.6364	ASWTWGPEGQGAILLVNCDRETPWLPK	ASWTWGPEGQGAILLVNC[57.02]DRETPWLPK	4	0.0015527950310559
Substrate_comp_Rapid_Method_Polypropylenechip_3c.mzML	12511	LQSSNIFTVAK2	604.3385	LQSSNIFTVAK	LQSSNIFTVAK	2	0.0015527950310559
Substrate_comp_Rapid_Method_Polypropylenechip_3c.mzML	5892	EALLQLQK2	471.79126	EALLQLQK	EALLQLQK	2	0.0015527950310559
Substrate_comp_Rapid_Method_Polypropylenechip_3c.mzML	2576	NTNMTAK2	390.1889	NTNMTAK	NTNMTAK	2	0.0015527950310559
Substrate_comp_Rapid_Method_Polypropylenechip_3c.mzML	16403	SLAPYAQDTQEKLNHQLEGLTFQMK3	964.13324	SLAPYAQDTQEKLNHQLEGLTFQMK	SLAPYAQDTQEKLNHQLEGLTFQMK	3	0.0015527950310559
Substrate_comp_Rapid_Method_Polypropylenechip_3c.mzML	13200	LAMQEFMILPVGAESFR3	646.9988	LAMQEFMILPVGAESFR	LAMQEFMILPVGAESFR	3	0.0015527950310559
Substrate_comp_Rapid_Method_Polypropylenechip_3c.mzML	13582	ILHGSVGYLTPR2	657.87445	ILHGSVGYLTPR	ILHGSVGYLTPR	2	0.0015527950310559
Substrate_comp_Rapid_Method_Polypropylenechip_3c.mzML	13913	FNQTYQLAHGTAEEKMPVWYIMDEFGSR4	837.9062	FNQTYQLAHGTAEEKMPVWYIMDEFGSR	FNQTYQLAHGTAEEKMPVWYIMDEFGSR	4	0.0015527950310559
Substrate_comp_Rapid_Method_Polypropylenechip_3c.mzML	15422	MQELALSEGALPR2	708.8629	MQELALSEGALPR	MQELALSEGALPR	2	0.0015527950310559
Substrate_comp_Rapid_Method_Polypropylenechip_3c.mzML	16221	ASWTWGPEGQGAILLVNC[57.02]DRETPWLPK4	771.6361	ASWTWGPEGQGAILLVNCDRETPWLPK	ASWTWGPEGQGAILLVNC[57.02]DRETPWLPK	4	0.0015527950310559
Substrate_comp_Rapid_Method_Polypropylenechip_3c.mzML	14177	FNQTYQLAHGTAEEKMPVWYIMDEFGSR4	838.14923	FNQTYQLAHGTAEEKMPVWYIMDEFGSR	FNQTYQLAHGTAEEKMPVWYIMDEFGSR	4	0.0015527950310559
Substrate_comp_Rapid_Method_Polypropylenechip_3c.mzML	11365	LGGGLGGTR2	394.23154	LGGGLGGTR	LGGGLGGTR	2	0.0015527950310559
Substrate_comp_Rapid_Method_Polypropylenechip_3c.mzML	8412	LRPEDGLYLIHWSTSHPYR3	780.72534	LRPEDGLYLIHWSTSHPYR	LRPEDGLYLIHWSTSHPYR	3	0.0015527950310559
Substrate_comp_Rapid_Method_Polypropylenechip_3c.mzML	8324	VLVDVER2	415.24216	VLVDVER	VLVDVER	2	0.0015527950310559
Substrate_comp_Rapid_Method_Polypropylenechip_3c.mzML	13277	IPALSHGDYEITINSLHDFGSSTSK3	897.76825	IPALSHGDYEITINSLHDFGSSTSK	IPALSHGDYEITINSLHDFGSSTSK	3	0.0015527950310559
Substrate_comp_Rapid_Method_Polypropylenechip_3c.mzML	13733	LKNELLEIK2	550.83795	LKNELLEIK	LKNELLEIK	2	0.0015527950310559
Substrate_comp_Rapid_Method_Polypropylenechip_3c.mzML	3029	AEAEALYQTK3	375.52182	AEAEALYQTK	AEAEALYQTK	3	0.0015527950310559
Substrate_comp_Rapid_Method_Polypropylenechip_3c.mzML	6500	ALGEGAELGAR2	523.2843	ALGEGAELGAR	ALGEGAELGAR	2	0.0015527950310559
Substrate_comp_Rapid_Method_Polypropylenechip_3c.mzML	13442	TASPIILHENNVSR2	775.9073	TASPIILHENNVSR	TASPIILHENNVSR	2	0.0015527950310559
Substrate_comp_Rapid_Method_Polypropylenechip_3c.mzML	14424	FNQTYQLAHGTAEEKMPVWYIMDEFGSR4	838.15076	FNQTYQLAHGTAEEKMPVWYIMDEFGSR	FNQTYQLAHGTAEEKMPVWYIMDEFGSR	4	0.0015527950310559
Substrate_comp_Rapid_Method_Polypropylenechip_3c.mzML	4887	MQEEVVR2	445.72394	MQEEVVR	MQEEVVR	2	0.0015527950310559
Substrate_comp_Rapid_Method_Polypropylenechip_3c.mzML	5965	LSVAAQEAAR2	508.27435	LSVAAQEAAR	LSVAAQEAAR	2	0.0015527950310559
Substrate_comp_Rapid_Method_Polypropylenechip_3c.mzML	16646	DLLIAYYDVDYEK2	810.3967	DLLIAYYDVDYEK	DLLIAYYDVDYEK	2	0.003012048192771
Substrate_comp_Rapid_Method_Polypropylenechip_3c.mzML	13883	LVVEC[57.02]VMNNVTC[57.02]TRIYEK3	743.7079	LVVECVMNNVTCTRIYEK	LVVEC[57.02]VMNNVTC[57.02]TRIYEK	3	0.003012048192771
Substrate_comp_Rapid_Method_Polypropylenechip_3c.mzML	8640	LRIEEEIR2	529.3033	LRIEEEIR	LRIEEEIR	2	0.003012048192771
Substrate_comp_Rapid_Method_Polypropylenechip_3c.mzML	5720	SREWDMEALR2	647.8161	SREWDMEALR	SREWDMEALR	2	0.003012048192771
Substrate_comp_Rapid_Method_Polypropylenechip_3c.mzML	4577	DGRHPQGEQM[15.99]YR3	497.90274	DGRHPQGEQMYR	DGRHPQGEQM[15.99]YR	3	0.003012048192771
Substrate_comp_Rapid_Method_Polypropylenechip_3c.mzML	5550	GLVEDTLR2	451.7567	GLVEDTLR	GLVEDTLR	2	0.003012048192771
Substrate_comp_Rapid_Method_Polypropylenechip_3c.mzML	8245	RGFPGYM[15.99]YTDLATIYERAGR4	589.54333		RGFPGYM[15.99]YTDLATIYERAGR	4	0.003012048192771
Substrate_comp_Rapid_Method_Polypropylenechip_3c.mzML	13028	LKNELLEIK2	550.83765	LKNELLEIK	LKNELLEIK	2	0.003012048192771
Substrate_comp_Rapid_Method_Polypropylenechip_3c.mzML	9642	TTAQVLIR2	451.27112	TTAQVLIR	TTAQVLIR	2	0.003012048192771
Substrate_comp_Rapid_Method_Polypropylenechip_3c.mzML	11917	QPVTVADYISR2	624.8275	QPVTVADYISR	QPVTVADYISR	2	0.003012048192771
Substrate_comp_Rapid_Method_Polypropylenechip_3c.mzML	9277	VNYDTTESKLR2	663.34296	VNYDTTESKLR	VNYDTTESKLR	2	0.003012048192771
Substrate_comp_Rapid_Method_Polypropylenechip_3c.mzML	13451	LKNELLEIK2	550.8374	LKNELLEIK	LKNELLEIK	2	0.003012048192771
Substrate_comp_Rapid_Method_Polypropylenechip_3c.mzML	10774	LILTVAQR2	457.29456	LILTVAQR	LILTVAQR	2	0.003012048192771
Substrate_comp_Rapid_Method_Polypropylenechip_3c.mzML	13748	ASWTWGPEGQGAILLVNC[57.02]DRETPWLPK4	771.13306	ASWTWGPEGQGAILLVNCDRETPWLPK	ASWTWGPEGQGAILLVNC[57.02]DRETPWLPK	4	0.003012048192771
Substrate_comp_Rapid_Method_Polypropylenechip_3c.mzML	12757	FFHNGYC[57.02]LR3	405.18692		FFHNGYC[57.02]LR	3	0.003012048192771
Substrate_comp_Rapid_Method_Polypropylenechip_3c.mzML	10469	RISEQFTAM[15.99]FRR3	519.94086	RISEQFTAMFRR	RISEQFTAM[15.99]FRR	3	0.003012048192771
Substrate_comp_Rapid_Method_Polypropylenechip_3c.mzML	13165	LKNELLEIK2	550.8363	LKNELLEIK	LKNELLEIK	2	0.003012048192771
Substrate_comp_Rapid_Method_Polypropylenechip_3c.mzML	15147	ASWTWGPEGQGAILLVNC[57.02]DR2	1116.038	ASWTWGPEGQGAILLVNCDR	ASWTWGPEGQGAILLVNC[57.02]DR	2	0.003012048192771
Substrate_comp_Rapid_Method_Polypropylenechip_3c.mzML	2375	RGGQALR2	379.22455	RGGQALR	RGGQALR	2	0.003012048192771
Substrate_comp_Rapid_Method_Polypropylenechip_3c.mzML	6559	GPDPGVPAYR2	515.761		GPDPGVPAYR	2	0.003012048192771
Substrate_comp_Rapid_Method_Polypropylenechip_3c.mzML	12714	SQVM[15.99]DEATALQLR3	493.9244	SQVMDEATALQLR	SQVM[15.99]DEATALQLR	3	0.0043988269794721
Substrate_comp_Rapid_Method_Polypropylenechip_3c.mzML	10635	LHDINAQM[15.99]VEDQGFLDSLR3	740.0209	LHDINAQMVEDQGFLDSLR	LHDINAQM[15.99]VEDQGFLDSLR	3	0.0043988269794721
Substrate_comp_Rapid_Method_Polypropylenechip_3c.mzML	14701	LTEAFKYFLQGM[15.99]GYIPSASM[15.99]TR3	848.7594	LTEAFKYFLQGMGYIPSASMTR	LTEAFKYFLQGM[15.99]GYIPSASM[15.99]TR	3	0.0043988269794721
Substrate_comp_Rapid_Method_Polypropylenechip_3c.mzML	4278	VEALEQER2	488.25037	VEALEQER	VEALEQER	2	0.0043988269794721
Substrate_comp_Rapid_Method_Polypropylenechip_3c.mzML	4292	IQALESR2	408.7322	IQALESR	IQALESR	2	0.0043988269794721
Substrate_comp_Rapid_Method_Polypropylenechip_3c.mzML	13298	YQLNLPPYPDTEC[57.02]VYR3	676.66473	YQLNLPPYPDTECVYR	YQLNLPPYPDTEC[57.02]VYR	3	0.0043988269794721
Substrate_comp_Rapid_Method_Polypropylenechip_3c.mzML	10994	LSDQFHDILIR2	679.8681	LSDQFHDILIR	LSDQFHDILIR	2	0.0043988269794721
Substrate_comp_Rapid_Method_Polypropylenechip_3c.mzML	2816	HPQGEQM[15.99]YR3	388.1779	HPQGEQMYR	HPQGEQM[15.99]YR	3	0.0043988269794721
Substrate_comp_Rapid_Method_Polypropylenechip_3c.mzML	14158	LKNELLEIK2	550.83636	LKNELLEIK	LKNELLEIK	2	0.0043988269794721
Substrate_comp_Rapid_Method_Polypropylenechip_3c.mzML	9761	ADLINNLGTIAKSGTK3	539.63416	ADLINNLGTIAKSGTK	ADLINNLGTIAKSGTK	3	0.0043988269794721
Substrate_comp_Rapid_Method_Polypropylenechip_3c.mzML	6772	ALGEGAELGAR2	523.28705	ALGEGAELGAR	ALGEGAELGAR	2	0.0043988269794721
Substrate_comp_Rapid_Method_Polypropylenechip_3c.mzML	4414	LTELLER2	437.75323	LTELLER	LTELLER	2	0.0043988269794721
Substrate_comp_Rapid_Method_Polypropylenechip_3c.mzML	13843	SWEVNFGYIEHGEKR3	617.962		SWEVNFGYIEHGEKR	3	0.0043988269794721
Substrate_comp_Rapid_Method_Polypropylenechip_3c.mzML	3184	SVLEAQR2	401.72482		SVLEAQR	2	0.0043988269794721
Substrate_comp_Rapid_Method_Polypropylenechip_3c.mzML	13543	LEQVRSLSAIYLEK3	550.97705	LEQVRSLSAIYLEK	LEQVRSLSAIYLEK	3	0.0043988269794721
Substrate_comp_Rapid_Method_Polypropylenechip_3c.mzML	10955	AVVQLKPR2	456.7974	AVVQLKPR	AVVQLKPR	2	0.0043988269794721
Substrate_comp_Rapid_Method_Polypropylenechip_3c.mzML	2857	TKPIWTR2	451.7686	TKPIWTR	TKPIWTR	2	0.0043988269794721
Substrate_comp_Rapid_Method_Polypropylenechip_3c.mzML	7558	DLDKADSMIR3	388.86093	DLDKADSMIR	DLDKADSMIR	3	0.0043988269794721
Substrate_comp_Rapid_Method_Polypropylenechip_3c.mzML	9189	IREEYPDR2	540.2721	IREEYPDR	IREEYPDR	2	0.0058055152394775
Substrate_comp_Rapid_Method_Polypropylenechip_3c.mzML	15370	TAKGEKFVMQEEFSR3	596.9618	TAKGEKFVMQEEFSR	TAKGEKFVMQEEFSR	3	0.0058055152394775
Substrate_comp_Rapid_Method_Polypropylenechip_3c.mzML	6000	RDVQLIR2	450.27493	RDVQLIR	RDVQLIR	2	0.0058055152394775
Substrate_comp_Rapid_Method_Polypropylenechip_3c.mzML	13815	RIPPHVLVNWAVQIAR3	624.38153	RIPPHVLVNWAVQIAR	RIPPHVLVNWAVQIAR	3	0.0058055152394775
Substrate_comp_Rapid_Method_Polypropylenechip_3c.mzML	16381	LTEAFKYFLQGMGYIPSASM[15.99]TRLAR3	956.8062	LTEAFKYFLQGMGYIPSASMTRLAR	LTEAFKYFLQGMGYIPSASM[15.99]TRLAR	3	0.0058055152394775
Substrate_comp_Rapid_Method_Polypropylenechip_3c.mzML	13686	EDGGFRHSEAFEALQQKSQGLDSR3	898.0979	EDGGFRHSEAFEALQQKSQGLDSR	EDGGFRHSEAFEALQQKSQGLDSR	3	0.0058055152394775
Substrate_comp_Rapid_Method_Polypropylenechip_3c.mzML	10584	QVQVALETAQR2	621.8441	QVQVALETAQR	QVQVALETAQR	2	0.0058055152394775
Substrate_comp_Rapid_Method_Polypropylenechip_3c.mzML	6952	QIEELQQEAR2	622.8156	QIEELQQEAR	QIEELQQEAR	2	0.0071633237822349
Substrate_comp_Rapid_Method_Polypropylenechip_3c.mzML	14349	VTTMDAELEFAIQPNTTGK4	517.2611	VTTMDAELEFAIQPNTTGK	VTTMDAELEFAIQPNTTGK	4	0.0071633237822349
Substrate_comp_Rapid_Method_Polypropylenechip_3c.mzML	4651	VASLEESEGNK2	581.7831	VASLEESEGNK	VASLEESEGNK	2	0.0071633237822349
Substrate_comp_Rapid_Method_Polypropylenechip_3c.mzML	6992	SKEQAELEAAR3	411.21616	SKEQAELEAAR	SKEQAELEAAR	3	0.0071633237822349
Substrate_comp_Rapid_Method_Polypropylenechip_3c.mzML	14548	M[15.99]DEEYDVIVLGTGLTEC[57.02]ILSGIM[15.99]SVNGK4	770.1161	MDEEYDVIVLGTGLTECILSGIMSVNGK	M[15.99]DEEYDVIVLGTGLTEC[57.02]ILSGIM[15.99]SVNGK	4	0.0071633237822349
Substrate_comp_Rapid_Method_Polypropylenechip_3c.mzML	12958	VANYC[57.02]STHLLEHITTNEDFRAAGK4	688.0809		VANYC[57.02]STHLLEHITTNEDFRAAGK	4	0.0071633237822349
Substrate_comp_Rapid_Method_Polypropylenechip_3c.mzML	13713	n[42]MDEEYDVIVLGTGLTEC[57.02]ILSGIMSVNGK4	772.6356	MDEEYDVIVLGTGLTECILSGIMSVNGK	n[42]MDEEYDVIVLGTGLTEC[57.02]ILSGIMSVNGK	4	0.0071633237822349
Substrate_comp_Rapid_Method_Polypropylenechip_3c.mzML	15625	LKNELLEIK2	550.83624	LKNELLEIK	LKNELLEIK	2	0.0071633237822349
Substrate_comp_Rapid_Method_Polypropylenechip_3c.mzML	13873	LKNELLEIK2	550.8379	LKNELLEIK	LKNELLEIK	2	0.0071633237822349
Substrate_comp_Rapid_Method_Polypropylenechip_3c.mzML	2473	RLQAEEK2	437.24246	RLQAEEK	RLQAEEK	2	0.0085470085470085
Substrate_comp_Rapid_Method_Polypropylenechip_3c.mzML	16568	SQPDM[15.99]AIMAVNTFVKDC[57.02]EDPNPLIR3	960.13416	SQPDMAIMAVNTFVKDCEDPNPLIR	SQPDM[15.99]AIMAVNTFVKDC[57.02]EDPNPLIR	3	0.0085470085470085
Substrate_comp_Rapid_Method_Polypropylenechip_3c.mzML	13695	EDGGFRHSEAFEALQQKSQGLDSR3	898.0982	EDGGFRHSEAFEALQQKSQGLDSR	EDGGFRHSEAFEALQQKSQGLDSR	3	0.0085470085470085
Substrate_comp_Rapid_Method_Polypropylenechip_3c.mzML	5851	TREELKDTLESEMR3	579.94763	TREELKDTLESEMR	TREELKDTLESEMR	3	0.0085470085470085
Substrate_comp_Rapid_Method_Polypropylenechip_3c.mzML	15336	WGSGEDLAALAHLVLPAGPER3	720.3817		WGSGEDLAALAHLVLPAGPER	3	0.0098730606488011
Substrate_comp_Rapid_Method_Polypropylenechip_3c.mzML	14441	LKNELLEIK2	550.83777	LKNELLEIK	LKNELLEIK	2	0.0098730606488011
Substrate_comp_Rapid_Method_Polypropylenechip_3c.mzML	11635	AAM[15.99]IWIVGEYAER3	509.2609		AAM[15.99]IWIVGEYAER	3	0.0098730606488011
Substrate_comp_Rapid_Method_Polypropylenechip_3c.mzML	7108	LQAEEVAQQK2	572.31165	LQAEEVAQQK	LQAEEVAQQK	2	0.0098730606488011
Substrate_comp_Rapid_Method_Polypropylenechip_3c.mzML	3640	EKVSIYEAMRR3	461.91296	EKVSIYEAMRR	EKVSIYEAMRR	3	0.0098730606488011
Substrate_comp_Rapid_Method_Polypropylenechip_3c.mzML	14408	YFLQGM[15.99]GYIPSASM[15.99]TRLAR3	732.0306	YFLQGMGYIPSASMTRLAR	YFLQGM[15.99]GYIPSASM[15.99]TRLAR	3	0.0098730606488011
Substrate_comp_Rapid_Method_Polypropylenechip_3c.mzML	14371	YFLQGM[15.99]GYIPSASM[15.99]TRLAR3	732.35114	YFLQGMGYIPSASMTRLAR	YFLQGM[15.99]GYIPSASM[15.99]TRLAR	3	0.0098730606488011
